Link,Dirección
https://nexoinmobiliario.pe/proyecto/venta-de-departamento-2706-high-line-santiago-de-surco-lima-lima-tribeca-inmobiliaria,Av. Caminos del Inca 508 esquina con Jr. Cañón del Pato
https://nexoinmobiliario.pe/proyecto/venta-de-departamento-2381-zenhaus-lince-lima-lima-ciudaris,Jazmines 358
https://nexoinmobiliario.pe/proyecto/venta-de-departamento-3371-nuova-vita-jesus-maria-lima-lima-grupo-sol,Jr. Cahuide 971 Jesús María
https://nexoinmobiliario.pe/proyecto/venta-de-departamento-2948-vittorie-surquillo-lima-lima-dym-grupo-inmobiliario,Av. Principal 915
https://nexoinmobiliario.pe/proyecto/venta-de-departamento-2502-malva-jesus-maria-lima-lima-grupo-tyc,Av. Brasil 1775
https://nexoinmobiliario.pe/proyecto/venta-de-departamento-2769-patio-la-paz-san-miguel-lima-lima-paz,Av. La Paz 2551
https://nexoinmobiliario.pe/proyecto/venta-de-departamento-2727-concepto-urban-park-ii-cercado-de-lima-lima-lima-imagina,Av. Petit Thouars 1140
https://nexoinmobiliario.pe/proyecto/venta-de-departamento-2279-sevilla-miraflores-lima-lima-edifica,Sevilla 107
https://nexoinmobiliario.pe/proyecto/venta-de-departamento-2364-paseo-san-martin-etapa-5-san-martin-de-porres-lima-lima-inarco,Av. 10 de Junio N°1020
https://nexoinmobiliario.pe/proyecto/venta-de-departamento-3370-suma-los-geranios-124-lince-lima-lima-grupo-dicon,CALLE LOS GERANIOS 124
https://nexoinmobiliario.pe/proyecto/venta-de-departamento-2100-brezzo-chariarse-885-miraflores-lima-lima-binda-y-asociados,Calle José Gabriel Chariarse 885
https://nexoinmobiliario.pe/proyecto/venta-de-departamento-3368-residencial-trazo-santiago-de-surco-lima-lima-grupo-dicon,JR BATALLÓN CALLAO SUR 502
https://nexoinmobiliario.pe/proyecto/venta-de-departamento-2122-liv-385-miraflores-lima-lima-danfra-inmobiliaria,Av. Casimiro Ulloa 385
https://nexoinmobiliario.pe/proyecto/venta-de-departamento-1860-villamar-131-san-miguel-lima-lima-grupo-caral,Calle Aviación 131
https://nexoinmobiliario.pe/proyecto/venta-de-departamento-2924-ble-santiago-de-surco-lima-lima-ee-inmobiliaria,Av. Velasco Astete 1752
https://nexoinmobiliario.pe/proyecto/venta-de-departamento-1075-gallery-san-isidro-lima-lima-grupo-t&c,Av. Javier Prado Oeste 2173-2177-2165
https://nexoinmobiliario.pe/proyecto/venta-de-departamento-2110-sb-norte-1189-san-borja-lima-lima-evergran-grupo-inmobiliario,Av San Borja Norte 1189
https://nexoinmobiliario.pe/proyecto/venta-de-departamento-2315-edificio-libitum-santiago-de-surco-lima-lima-vitain,Jirón Batallón Callao Norte 173
https://nexoinmobiliario.pe/proyecto/venta-de-departamento-2686-escallonia-jesus-maria-lima-lima-abril-grupo-inmobiliario,Jiron Inca Ripac 315
https://nexoinmobiliario.pe/proyecto/venta-de-departamento-1229-brescia-magdalena-del-mar-lima-lima-brazil-grupo-inmobiliario,Av Brasil 3840
https://nexoinmobiliario.pe/proyecto/venta-de-departamento-2810-vert-2-santiago-de-surco-lima-lima-ee-inmobiliaria,Av. Higuereta 366
https://nexoinmobiliario.pe/proyecto/venta-de-departamento-2149-santorin-miraflores-lima-lima-ifi-inmobiliaria,Calle Mariano Odicio 342
https://nexoinmobiliario.pe/proyecto/venta-de-departamento-2593-siena-lince-lima-lima-brazil-grupo-inmobiliario,Calle Alberto Alexander 2600
https://nexoinmobiliario.pe/proyecto/venta-de-departamento-1523-la-paz-742-miraflores-lima-lima-aurora-grupo-inmobiliario,"Av. La Paz N° 742, Miraflores"
https://nexoinmobiliario.pe/proyecto/venta-de-departamento-3355-malecon-buenos-aires-miraflores-lima-lima-aurora-grupo-inmobiliario,Calle Buenos Aires 283
https://nexoinmobiliario.pe/proyecto/venta-de-departamento-1628-residencial-frutales-la-molina-lima-lima-cimentares-grupo-inmobiliario,Av los frutales Nº 815Mz NLote 18
https://nexoinmobiliario.pe/proyecto/venta-de-departamento-2876-amara-santiago-de-surco-lima-lima-conforta-inmobiliaria,JIRON LAS GARDENIAS N° 152 - 156 - URB. VALLE HERMOSO DE MONTERRICO RESIDENCIAL
https://nexoinmobiliario.pe/proyecto/venta-de-departamento-2370-samay-santiago-de-surco-lima-lima-paqari-inmobiliaria,Av. Gral. Edmundo Aguilar Pastor 407
https://nexoinmobiliario.pe/proyecto/venta-de-departamento-2776-altos-del-rimac-etapa-5-rimac-lima-lima-besco,Av. A #225
https://nexoinmobiliario.pe/proyecto/venta-de-departamento-3380-los-bambues-125-pueblo-libre-lima-lima-lyg-inmobiliaria,"Calle Los Bambúes 125, Pueblo Libre"
https://nexoinmobiliario.pe/proyecto/venta-de-departamento-3281-irgoyen-128-santiago-de-surco-lima-lima-sembra-inmobiliaria,Pedro Irigoyen 128
https://nexoinmobiliario.pe/proyecto/venta-de-departamento-3184-anturio-lince-lima-lima-abril-grupo-inmobiliario,Jr. Mariscal Miller 2648
https://nexoinmobiliario.pe/proyecto/venta-de-departamento-2478-mar-d-amalfi-miraflores-lima-lima-procity,"Av. Ricardo Palma 877, San Antonio"
https://nexoinmobiliario.pe/proyecto/venta-de-departamento-2627-la-foret-san-felipe-jesus-maria-lima-lima-abril-grupo-inmobiliario,Av. San Felipe 758
https://nexoinmobiliario.pe/proyecto/venta-de-departamento-2496-contisuyo-san-miguel-lima-lima-capac-asociados,Contisuyo 260
https://nexoinmobiliario.pe/proyecto/venta-de-departamento-3058-la-castellana-855-santiago-de-surco-lima-lima-ee-inmobiliaria,Av. Paseo La Castellana N° 855
https://nexoinmobiliario.pe/proyecto/venta-de-departamento-3397-zircon-jesus-maria-lima-lima-marte,Jr. Nazca 704
https://nexoinmobiliario.pe/proyecto/venta-de-departamento-2115-alborada-san-miguel-lima-lima-grupo-mg,Av. La Paz 1150
https://nexoinmobiliario.pe/proyecto/venta-de-departamento-2016-via-fernandini-pueblo-libre-lima-lima-capac-asociados,juan pablo fernandini 1275
https://nexoinmobiliario.pe/proyecto/venta-de-departamento-3372-residencial-lobo-san-borja-lima-lima-grupo-dicon,Jr Hrno Lobo N°511 Esquina con Av Velasco Astete
https://nexoinmobiliario.pe/proyecto/venta-de-departamento-1836-garden-110-san-miguel-lima-lima-capac-asociados,Pucalá 110
https://nexoinmobiliario.pe/proyecto/venta-de-departamento-1974-invent-chorrillos-chorrillos-lima-lima-invent,Calle José Olaya 225
https://nexoinmobiliario.pe/proyecto/venta-de-departamento-3282-residencial-orion-jesus-maria-lima-lima-stella-inmobiliaria,Jiron Lloque Yupanqui 1240
https://nexoinmobiliario.pe/proyecto/venta-de-departamento-2715-central-park-cercado-de-lima-lima-lima-tribeca-inmobiliaria,Av. Arenales 1387
https://nexoinmobiliario.pe/proyecto/venta-de-departamento-2440-28-de-julio-1365-miraflores-lima-lima-libre-inmobiliaria,Av. 28 de julio 1365
https://nexoinmobiliario.pe/proyecto/venta-de-departamento-1561-ambar-jesus-maria-lima-lima-marte,Avenida Brasil 2363
https://nexoinmobiliario.pe/proyecto/venta-de-departamento-3351-residencial-salamanca-de-monterrico-18-ate-lima-lima-eficaxx-grupo-inmobiliario,Calle Las Avellanas 185
https://nexoinmobiliario.pe/proyecto/venta-de-departamento-3340-tommy-miraflores-lima-lima-puerta-de-tierra,Av. Tomas Marsano 2020
https://nexoinmobiliario.pe/proyecto/venta-de-departamento-2399-residencial-treviso-san-miguel-lima-lima-dkasa,Av. De Los Patriotas 290
https://nexoinmobiliario.pe/proyecto/venta-de-departamento-2688-gracia-miraflores-lima-lima-urbana-per%C3%BA,Av. Aflredo Benavides 2543
https://nexoinmobiliario.pe/proyecto/venta-de-departamento-2637-bertolotto-etapa-i-san-miguel-lima-lima-grupo-tyc,Av. Bertolotto 760
https://nexoinmobiliario.pe/proyecto/venta-de-departamento-2825-gran-central-colonial-ii-cercado-de-lima-lima-lima-los-portales-departamentos,"Av. Óscar R. Benavides 2140, Cercado de Lima"
https://nexoinmobiliario.pe/proyecto/venta-de-departamento-2665-bertolotto-etapa-iv-san-miguel-lima-lima-grupo-tyc,Av. Bertolotto 760
https://nexoinmobiliario.pe/proyecto/venta-de-departamento-2905-bravo-san-borja-lima-lima-grupo-mg,Av. Parque Sur 750
https://nexoinmobiliario.pe/proyecto/venta-de-departamento-3421-quinones-park-san-miguel-lima-lima-multiurbe,"Intisuyo 499, San Miguel"
https://nexoinmobiliario.pe/proyecto/venta-de-departamento-3194-arequipa-avenue-4015-miraflores-lima-lima-grupo-edifikarte,Av. Arequipa 4015
https://nexoinmobiliario.pe/proyecto/venta-de-departamento-2849-vivapark-san-miguel-lima-lima-ecohabitat-desarrollo-inmobiliario,Alfredo Icaza Contreras 185
https://nexoinmobiliario.pe/proyecto/venta-de-departamento-2001-los-laureles-jesus-maria-lima-lima-abril-grupo-inmobiliario,Av. Garzón 870
https://nexoinmobiliario.pe/proyecto/venta-de-departamento-3104-sol-de-surco-3-santiago-de-surco-lima-lima-constructora-peruven,"Jirón Combate de Iquique 206, Surco"
https://nexoinmobiliario.pe/proyecto/venta-de-departamento-1631-aspiria-barranco-lima-lima-grupo-t&c,Av. El Sol Este 530
https://nexoinmobiliario.pe/proyecto/venta-de-departamento-2079-maz-bre%C3%B1a-lima-lima-inarco,Av. Fernandini 980
https://nexoinmobiliario.pe/proyecto/venta-de-departamento-2800-derby-182-santiago-de-surco-lima-lima-v&v-grupo-inmobiliario,Derby 182
https://nexoinmobiliario.pe/proyecto/venta-de-departamento-2070-greenleaf-745-miraflores-lima-lima-capac-asociados,chiclayo 745
https://nexoinmobiliario.pe/proyecto/venta-de-departamento-3168-santa-rafaela-san-miguel-lima-lima-mye-grupo-inmobiliario,AV. PIO XII 318
https://nexoinmobiliario.pe/proyecto/venta-de-departamento-2847-zendai-la-victoria-lima-lima-grupo-lar,Jiron Francisco Graña 153
https://nexoinmobiliario.pe/proyecto/venta-de-departamento-3391-aster-reducto-miraflores-lima-lima-aster-homes,AV REDUCTO 1505
https://nexoinmobiliario.pe/proyecto/venta-de-departamento-2395-san-martin-836-miraflores-lima-lima-edifica,calle san martin 836
https://nexoinmobiliario.pe/proyecto/venta-de-departamento-2140-venezia-magdalena-del-mar-lima-lima-grupo-inmobiliario-s&m,"Lorenzo Rockovich 136, magdalena del mar"
https://nexoinmobiliario.pe/proyecto/venta-de-departamento-3186-helio-santa-beatriz-cercado-de-lima-lima-lima-padova,Enrique Villar 830 Cercado de Lima.
https://nexoinmobiliario.pe/proyecto/venta-de-departamento-3283-aragon-375-pueblo-libre-lima-lima-inizia-inmobiliaria,Aragon 375
https://nexoinmobiliario.pe/proyecto/venta-de-departamento-2059-escala-la-victoria-lima-lima-paz,Avenida Galvez Barrenechea 200
https://nexoinmobiliario.pe/proyecto/venta-de-departamento-3203-condominio-villalegre-santiago-de-surco-lima-lima-la-venturosa,Esquina Jiron Dextre con Calle Daniel Mendoza (A 1 cuadra del Parque Villa Alegre)
https://nexoinmobiliario.pe/proyecto/venta-de-departamento-1971-homie-pueblo-libre-lima-lima-akamai,JR Amazonas 706
https://nexoinmobiliario.pe/proyecto/venta-de-departamento-2451-seed-growing-home-santiago-de-surco-lima-lima-verdant-inmobiliaria,Jr. República de Líbano 173
https://nexoinmobiliario.pe/proyecto/venta-de-departamento-3398-alicanto-jesus-maria-lima-lima-grupo-cygnus,Jr. General Canterac 279 283 Jesús María
https://nexoinmobiliario.pe/proyecto/venta-de-departamento-2782-lord-nelson-419-miraflores-lima-lima-lateral,Calle Lord Nelson N° 419 esq. con Calle Mariscal Sucre N° 183
https://nexoinmobiliario.pe/proyecto/venta-de-departamento-2738-brizza-santiago-de-surco-lima-lima-ee-inmobiliaria,Jr. La Niña 260 - 264
https://nexoinmobiliario.pe/proyecto/venta-de-departamento-3395-las-lomas-residencial-ecoamigable-rimac-lima-lima-besco,"Av. A, Lote 2 Mz B - Rímac"
https://nexoinmobiliario.pe/proyecto/venta-de-departamento-2659-alto-bellavista-bellavista-callao-callao-imagina,Av. Oscar R. Benavides 5082
https://nexoinmobiliario.pe/proyecto/venta-de-departamento-3011-torre-castelo-cercado-de-lima-lima-lima-capac-asociados,"Teodoro Cardenas 244, Santa Beatriz"
https://nexoinmobiliario.pe/proyecto/venta-de-departamento-2846-san-felipe-towers-jesus-maria-lima-lima-vive-plm,Av. San Felipe 720 esquina Jr. Huascar
https://nexoinmobiliario.pe/proyecto/venta-de-departamento-2584-arch-two-barranco-lima-lima-arch-inversiones-inmobiliarias,Jiron Aurelio Souza 447
https://nexoinmobiliario.pe/proyecto/venta-de-departamento-2514-residencial-trieste-san-miguel-lima-lima-dkasa,av. De los patriotas 431 San Miguel
https://nexoinmobiliario.pe/proyecto/venta-de-departamento-3406-albamar-match-san-miguel-lima-lima-albamar-grupo-inmobiliario,Av. de los patriotas 206
https://nexoinmobiliario.pe/proyecto/venta-de-departamento-2297-roof-garden-barrenechea-san-borja-lima-lima-evergran-grupo-inmobiliario,Av. Gálvez Barrenechea Cdra.12
https://nexoinmobiliario.pe/proyecto/venta-de-departamento-2712-proyecto-cobian-miraflores-lima-lima-vive-constructora,Calle Alfonso Cobian N° 110
https://nexoinmobiliario.pe/proyecto/venta-de-departamento-3347-maximo-abril-jesus-maria-lima-lima-abril-grupo-inmobiliario,Calle Máximo Abril 576
https://nexoinmobiliario.pe/proyecto/venta-de-departamento-3319-san-borja-sur-985-san-borja-lima-lima-ee-inmobiliaria,Av. San Borja Sur N° 985
https://nexoinmobiliario.pe/proyecto/venta-de-departamento-2095-alvarado-chorrillos-lima-lima-andiamo,"Máximo Alvarado 448, Chorrillos"
https://nexoinmobiliario.pe/proyecto/venta-de-departamento-2794-zante-santiago-de-surco-lima-lima-ifi-inmobiliaria,"Av. Paseo la Castellana 243, surco"
https://nexoinmobiliario.pe/proyecto/venta-de-departamento-3257-central-site-san-isidro-lima-lima-madrid-inmobiliaria,Calle La Habana 160
https://nexoinmobiliario.pe/proyecto/venta-de-departamento-2322-las-palmas-chorrillos-2-chorrillos-lima-lima-besco,"Jirón Pléyades Nº372, Urb. La Campiña., Límite con Surco."
https://nexoinmobiliario.pe/proyecto/venta-de-departamento-3408-polo-hunt-santiago-de-surco-lima-lima-ee-inmobiliaria,Calle Unión 194
https://nexoinmobiliario.pe/proyecto/venta-de-departamento-2728-monte-real-217-santiago-de-surco-lima-lima-ee-inmobiliaria,Jr. Monte Real 217
https://nexoinmobiliario.pe/proyecto/venta-de-departamento-1966-eco-design-san-isidro-lima-lima-fundamenta,Av. Javier Prado Oeste 1856
https://nexoinmobiliario.pe/proyecto/venta-de-departamento-3005-amati-jesus-maria-lima-lima-ciudaris,Jr. Inca Ripac 326
https://nexoinmobiliario.pe/proyecto/venta-de-departamento-2211-roosevelt-5591-miraflores-lima-lima-v&v-grupo-inmobiliario,Av. Roosevelt 5591 - miraflores
https://nexoinmobiliario.pe/proyecto/venta-de-departamento-2219-mozz-san-isidro-lima-lima-valico,Odriozola 126
https://nexoinmobiliario.pe/proyecto/venta-de-departamento-3171-unico-magdalena-magdalena-del-mar-lima-lima-gdc-inmobiliaria,Av. Faustino Sanchez Carrión 280
https://nexoinmobiliario.pe/proyecto/venta-de-departamento-2295-residencial-real-la-victoria-lima-lima-paz,Av. Paseo de la República 1233
https://nexoinmobiliario.pe/proyecto/venta-de-departamento-2652-larco-791-miraflores-lima-lima-v&v-grupo-inmobiliario,Av. Larco 791 - Miraflores
https://nexoinmobiliario.pe/proyecto/venta-de-departamento-1654-aliaga-garden-magdalena-del-mar-lima-lima-evergran-grupo-inmobiliario,Torres Matos 141
https://nexoinmobiliario.pe/proyecto/venta-de-departamento-2787-condominio-portofino-casa-club-jesus-maria-lima-lima-inverplus,Calle Daniel Olaechea 134
https://nexoinmobiliario.pe/proyecto/venta-de-departamento-1689-muv-santiago-de-surco-lima-lima-arquimia,"Av. Nicolas Rodrigo 250, Monterrico"
https://nexoinmobiliario.pe/proyecto/venta-de-departamento-3002-tizon-y-bueno-jesus-maria-lima-lima-grupo-cygnus,Tizon Y Bueno 160
https://nexoinmobiliario.pe/proyecto/venta-de-departamento-3318-gaviotas-176-chorrillos-lima-lima-v&v-grupo-inmobiliario,"Av. Las Gaviotas 176, Chorrillos 15064"
https://nexoinmobiliario.pe/proyecto/venta-de-departamento-3326-masias-lince-lima-lima-ortiz-inmobiliaria,"Calle Los Geranios 388, Lince"
https://nexoinmobiliario.pe/proyecto/venta-de-departamento-1947-plaza-27-san-isidro-lima-lima-edifica,Ca. Audiencia 190
https://nexoinmobiliario.pe/proyecto/venta-de-departamento-2217-albamar-in-1-independencia-lima-lima-albamar-grupo-inmobiliario,Av Gerardo Unger 3601
https://nexoinmobiliario.pe/proyecto/venta-de-departamento-3027-qantua-cercado-de-lima-lima-lima-grupo-lar,jr lampa 1215
https://nexoinmobiliario.pe/proyecto/venta-de-departamento-3320-fontana-san-borja-lima-lima-ee-inmobiliaria,Av. San Borja Norte 1120
https://nexoinmobiliario.pe/proyecto/venta-de-departamento-3369-residencial-astete-2608-santiago-de-surco-lima-lima-grupo-dicon,AV ALEJANDRO VELASCO ASTETE 2608
https://nexoinmobiliario.pe/proyecto/venta-de-departamento-2973-ecovento-san-miguel-lima-lima-ecohabitat-desarrollo-inmobiliario,Av. Alfonso Ugarte 119 - 125
https://nexoinmobiliario.pe/proyecto/venta-de-departamento-2058-invent-jesus-maria-jesus-maria-lima-lima-invent,Av Talara 765
https://nexoinmobiliario.pe/proyecto/venta-de-departamento-2340-tempo-2-la-victoria-lima-lima-urbana-per%C3%BA,Av. Paseo de la República 2099 – Santa Catalina
https://nexoinmobiliario.pe/proyecto/venta-de-departamento-3231-denim-miraflores-lima-lima-esparq-inversiones,Calle Tarapacá 140
https://nexoinmobiliario.pe/proyecto/venta-de-departamento-2556-miller-1050-jesus-maria-lima-lima-novoarte-soluciones,Jirón Mariscal Miller 1050
https://nexoinmobiliario.pe/proyecto/venta-de-departamento-2762-monte-mayor-177-santiago-de-surco-lima-lima-grupo-edifikarte,Monte Mayor 177 Surco
https://nexoinmobiliario.pe/proyecto/venta-de-departamento-3202-supra-tower-san-miguel-lima-lima-quatro-inmobiliaria,Avenida Los Patriotas 415
https://nexoinmobiliario.pe/proyecto/venta-de-departamento-2410-hito-pueblo-libre-lima-lima-avenir-grupo-inmobiliario,Av. Simón Bolívar 1484
https://nexoinmobiliario.pe/proyecto/venta-de-departamento-3219-taller-miraflores-lima-lima-paz,CALLE TORIBIO POLO 450
https://nexoinmobiliario.pe/proyecto/venta-de-departamento-2812-albamar-altuars-lince-lima-lima-albamar-grupo-inmobiliario,AV. PETIT THOUARS 1598
https://nexoinmobiliario.pe/proyecto/venta-de-departamento-2082-casanova-151-lince-lima-lima-tale-inmobiliaria,AV DOMINGO CASANOVA 151
https://nexoinmobiliario.pe/proyecto/venta-de-departamento-2181-gray-san-isidro-san-isidro-lima-lima-maas-inmobiliaria,Calle Mariano Santos Mateo 171
https://nexoinmobiliario.pe/proyecto/venta-de-departamento-3429-viridian-lince-lima-lima-eureka,Calle Los Geranios 244 -248
https://nexoinmobiliario.pe/proyecto/venta-de-departamento-1301-reserva-748-cercado-de-lima-lima-lima-cantabria,Av. Arequipa 748 -768
https://nexoinmobiliario.pe/proyecto/venta-de-departamento-2387-verah-condominio-etapa-3-santiago-de-surco-lima-lima-akamai,Jr. Peña Rivera 400 cruce con Jr. Diego Ferré
https://nexoinmobiliario.pe/proyecto/venta-de-departamento-1810-dos-de-mayo-lince-lince-lima-lima-initalia,Arenales 2570
https://nexoinmobiliario.pe/proyecto/venta-de-departamento-2054-family-tower-2-bre%C3%B1a-lima-lima-quatro-inmobiliaria,Avenida República de Portugal 686
https://nexoinmobiliario.pe/proyecto/venta-de-departamento-2516-homelike-ii-santiago-de-surco-lima-lima-gratia-constructora,Jr. Zamora 262 - 264
https://nexoinmobiliario.pe/proyecto/venta-de-departamento-2880-rosario-240-miraflores-lima-lima-sembra-inmobiliaria,Calle Rosario 240
https://nexoinmobiliario.pe/proyecto/venta-de-departamento-2986-mykonos-chorrillos-lima-lima-ifi-inmobiliaria,Calle Dario torres 153
https://nexoinmobiliario.pe/proyecto/venta-de-departamento-1940-monterosso-jesus-maria-lima-lima-toratto-grupo-inmobiliario,Jr. Coronel Zegarra N° 1045-1057
https://nexoinmobiliario.pe/proyecto/venta-de-departamento-3322-avellana-pueblo-libre-lima-lima-abril-grupo-inmobiliario,Av. Brasil 1350
https://nexoinmobiliario.pe/proyecto/venta-de-departamento-1866-edificio-los-pinos-iii-cercado-de-lima-lima-lima-grupo-mg,Jr. Manuel del Pino 638
https://nexoinmobiliario.pe/proyecto/venta-de-departamento-2487-libertad-san-miguel-lima-lima-capac-asociados,Av Libertad 2401
https://nexoinmobiliario.pe/proyecto/venta-de-departamento-2982-via-excluzzivo-jesus-maria-lima-lima-infinity-group,Calle estados unidos 845
https://nexoinmobiliario.pe/proyecto/venta-de-departamento-3289-marina-city-center-san-miguel-lima-lima-inverdes,Av. Rafael Escardo Aguirre N° 530
https://nexoinmobiliario.pe/proyecto/venta-de-departamento-3324-edificio-fenix-jesus-maria-lima-lima-grupo-cygnus,"Av. Mello Franco 365, Jesus Maria"
https://nexoinmobiliario.pe/proyecto/venta-de-departamento-2198-amalfi-san-miguel-lima-lima-paz,Av. Costanera 2558
https://nexoinmobiliario.pe/proyecto/venta-de-departamento-3060-san-felipe-jesus-maria-lima-lima-actual,"Av San Felipe N°890 Esq. con Jr. Luis Sanchez Cerro, Jesús María"
https://nexoinmobiliario.pe/proyecto/venta-de-departamento-2759-residencial-valenti-pueblo-libre-lima-lima-barqueros-inmobiliaria,Calle América 260 - Pueblo libre
https://nexoinmobiliario.pe/proyecto/venta-de-departamento-2263-jomy-pueblo-libre-lima-lima-avenir-grupo-inmobiliario,"Av. Rio Grande 320, Pueblo Libre"
https://nexoinmobiliario.pe/proyecto/venta-de-departamento-2888-duetto-846-fase-ii-pueblo-libre-lima-lima-cantabria,Av. Alejandro Bertello 846
https://nexoinmobiliario.pe/proyecto/venta-de-departamento-2772-barcelona-santiago-de-surco-lima-lima-ee-inmobiliaria,Cl. Barcelona 210
https://nexoinmobiliario.pe/proyecto/venta-de-departamento-2837-momen-bre%C3%B1a-lima-lima-cosapi,"Aguarico 1251, Breña"
https://nexoinmobiliario.pe/proyecto/venta-de-departamento-2717-parque-escardo-san-miguel-lima-lima-capac-asociados,"José Gabriel Aguilar 260, San Miguel"
https://nexoinmobiliario.pe/proyecto/venta-de-departamento-2798-founder-miraflores-lima-lima-alerces-inmobiliaria,Av. Ejercito 741 - 747
https://nexoinmobiliario.pe/proyecto/venta-de-departamento-3278-gran-jardin-ticino-santa-anita-lima-lima-los-portales-departamentos,Calle ticino 123
https://nexoinmobiliario.pe/proyecto/venta-de-departamento-2029-principal-775-surquillo-lima-lima-real-inmobiliaria,Av. Principal 775
https://nexoinmobiliario.pe/proyecto/venta-de-departamento-2893-campo-marte-jesus-maria-lima-lima-flat,Jr. Mogaburos 216 Esquina con Arnaldo Marquez
https://nexoinmobiliario.pe/proyecto/venta-de-departamento-3407-altaris-miraflores-lima-lima-capac-asociados,av. tomás marsano 2550
https://nexoinmobiliario.pe/proyecto/venta-de-departamento-2345-edificio-privia-jesus-maria-lima-lima-vienna-grupo-inmobiliario,Av. Arenales 680
https://nexoinmobiliario.pe/proyecto/venta-de-departamento-2459-el-bosque-san-borja-lima-lima-ee-inmobiliaria,Av. Parque Norte 1112
https://nexoinmobiliario.pe/proyecto/venta-de-departamento-3238-la-rosa-park-jesus-maria-lima-lima-infinity-group,Quiñones 102
https://nexoinmobiliario.pe/proyecto/venta-de-departamento-2202-bolognesi-501-miraflores-lima-lima-qolono-inmobiliaria,"Calle Bolognesi 501, Miraflores"
https://nexoinmobiliario.pe/proyecto/venta-de-departamento-2084-unity-cercado-de-lima-lima-lima-casaideal-inmobiliaria,"Av. Arenales N° 1109, Cercado de Lima"
https://nexoinmobiliario.pe/proyecto/venta-de-departamento-1917-the-point-miraflores-lima-lima-qolono-inmobiliaria,"Av. Unánue 234, Miraflores"
https://nexoinmobiliario.pe/proyecto/venta-de-departamento-2918-aliaga-garden-etapa-2-magdalena-del-mar-lima-lima-evergran-grupo-inmobiliario,Av. Juan de Aliaga 456
https://nexoinmobiliario.pe/proyecto/venta-de-departamento-3333-floresta-343-santiago-de-surco-lima-lima-vibra-inmobiliaria,Av. De la Floresta 343
https://nexoinmobiliario.pe/proyecto/venta-de-departamento-2660-alto-alborada-cercado-de-lima-lima-lima-imagina,Av. Venezuela 2575
https://nexoinmobiliario.pe/proyecto/venta-de-departamento-2767-iconik-park-cercado-de-lima-lima-lima-ciudaris,Mariano Carranza 436
https://nexoinmobiliario.pe/proyecto/venta-de-departamento-2990-friendz-2-chorrillos-lima-lima-hl-desarrollos-inmobiliarios,Jr. Andromeda Mz J Lote 3
https://nexoinmobiliario.pe/proyecto/venta-de-departamento-3003-edificio-unique-surquillo-lima-lima-grupo-cygnus,juan bielovucic 267 surquillo
https://nexoinmobiliario.pe/proyecto/venta-de-departamento-2226-schell-miraflores-lima-lima-volterra,calle Schell 605
https://nexoinmobiliario.pe/proyecto/venta-de-departamento-2718-ambienta-jesus-maria-lima-lima-lugano,Av. General Andres de Santa Cruz 765
https://nexoinmobiliario.pe/proyecto/venta-de-departamento-2469-lune-jesus-maria-lima-lima-capac-asociados,Pedro La Rosa 140
https://nexoinmobiliario.pe/proyecto/venta-de-departamento-2360-edificio-mariategui-jesus-maria-lima-lima-grupo-cygnus,AVENIDA MARIATEGUI Nº 1408
https://nexoinmobiliario.pe/proyecto/venta-de-departamento-2654-albamar-parque-habich-jesus-maria-lima-lima-albamar-grupo-inmobiliario,JR.PABLO BERMUDEZ N N°316 - JESÚS MARÍA
https://nexoinmobiliario.pe/proyecto/venta-de-departamento-3198-hernandez-1273-pueblo-libre-lima-lima-rb-arquitectura,Jirón Daniel Hernández N° 1273
https://nexoinmobiliario.pe/proyecto/venta-de-departamento-1867-edificio-vista-verde-cercado-de-lima-lima-lima-grupo-mg,Jr. Torres Paz 834
https://nexoinmobiliario.pe/proyecto/venta-de-departamento-3214-boulevard-icaro-chorrillos-lima-lima-capac-asociados,Calle ícaro 136
https://nexoinmobiliario.pe/proyecto/venta-de-departamento-2436-ativa-santiago-de-surco-lima-lima-cosapi,"El Derby 160, Surco"
https://nexoinmobiliario.pe/proyecto/venta-de-departamento-3328-vernazza-jesus-maria-lima-lima-toratto-grupo-inmobiliario,JIRON INCA RIPAC Nº 338
https://nexoinmobiliario.pe/proyecto/venta-de-departamento-2855-visum-san-isidro-lima-lima-urbalima,Calle Plaza Padre Constancio Bollar 205
https://nexoinmobiliario.pe/proyecto/venta-de-departamento-2454-armonie-cuba-638-jesus-maria-lima-lima-binda-y-asociados,Av. Cuba 638
https://nexoinmobiliario.pe/proyecto/venta-de-departamento-3425-alameda-san-miguel-san-miguel-lima-lima-tale-inmobiliaria,"Esquina Av. Precursores y Av. Elmer Faucett, San Miguel"
https://nexoinmobiliario.pe/proyecto/venta-de-departamento-2301-teruel-275-miraflores-lima-lima-capac-asociados,Teruel 275
https://nexoinmobiliario.pe/proyecto/venta-de-departamento-2852-astromelia-jesus-maria-lima-lima-abril-grupo-inmobiliario,Av. Salaverry 1880
https://nexoinmobiliario.pe/proyecto/venta-de-departamento-2493-friendz-chorrillos-lima-lima-hl-desarrollos-inmobiliarios,Calle Andrómeda 830
https://nexoinmobiliario.pe/proyecto/venta-de-departamento-2159-linkce-lince-lima-lima-arteco,Av. Militar N°2500
https://nexoinmobiliario.pe/proyecto/venta-de-departamento-2992-residencial-kallpa-santiago-de-surco-lima-lima-b&e-inmobiliaria,Jirón Chimú Cápac N° 435
https://nexoinmobiliario.pe/proyecto/venta-de-departamento-1439-lit-san-isidro-lima-lima-grupo-t&c,"Av. Javier Prado Oeste 1485, San Isidro"
https://nexoinmobiliario.pe/proyecto/venta-de-departamento-1857-condominio-esencial-santiago-de-surco-lima-lima-la-venturosa,Esquina de Av. Guardia Civil Norte con Av. Los Faisanes
https://nexoinmobiliario.pe/proyecto/venta-de-departamento-561-ciudad-verde-puente-piedra-lima-lima-paz,Carretera Panamericana Norte Km 27
https://nexoinmobiliario.pe/proyecto/venta-de-departamento-3311-homely-pueblo-libre-lima-lima-grupo-sol,jr mariano arce 233
https://nexoinmobiliario.pe/proyecto/venta-de-departamento-2711-hanan-cercado-de-lima-lima-lima-redbay-inmobiliaria,Av. Oscar R. Benavides - Ex Colonial Nro. 605
https://nexoinmobiliario.pe/proyecto/venta-de-departamento-2807-fanning-358-miraflores-lima-lima-grupo-chacarilla-sur,Calle Juan Fanning 358
https://nexoinmobiliario.pe/proyecto/venta-de-departamento-1949-brasil-3395-magdalena-del-mar-lima-lima-evergran-grupo-inmobiliario,Av Brasil 3395
https://nexoinmobiliario.pe/proyecto/venta-de-departamento-1980-galia-miraflores-lima-lima-paz,Calle Tarapacá 155 - Esquina con Av. Arequipa - Miraflores
https://nexoinmobiliario.pe/proyecto/venta-de-departamento-3018-jjpasos155-pueblo-libre-lima-lima-vittoria-inmobiliaria,JR. JUAN JOSE PASO 155
https://nexoinmobiliario.pe/proyecto/venta-de-departamento-2687-dali-place-san-borja-lima-lima-noi-inmobiliaria,Av. San Borja Norte 1023 San Borja
https://nexoinmobiliario.pe/proyecto/venta-de-departamento-2695-blue-san-isidro-lima-lima-esparq-inversiones,Av. Paseo de la República 3620
https://nexoinmobiliario.pe/proyecto/venta-de-departamento-2116-salaverry-571-jesus-maria-lima-lima-desarrolladora,"Av. General Salaverry 571, Jesús María"
https://nexoinmobiliario.pe/proyecto/venta-de-departamento-2433-strong-la-victoria-lima-lima-pisonay-inmobiliaria,Enrique leon garcia 295
https://nexoinmobiliario.pe/proyecto/venta-de-departamento-3336-prada-jesus-maria-lima-lima-maxx-grupo-inmobiliario,AV TIZON Y BUENO 639
https://nexoinmobiliario.pe/proyecto/venta-de-departamento-3379-monet-jesus-maria-lima-lima-ciudaris,Av. General Santa Cruz 708
https://nexoinmobiliario.pe/proyecto/venta-de-departamento-2373-almare-chorrillos-lima-lima-la-muralla,"Avenida Mariscal Castilla 555, Chorrillos"
https://nexoinmobiliario.pe/proyecto/venta-de-departamento-2726-residencial-capri-san-miguel-lima-lima-dkasa,"Avenida de los Precursores 757, San Miguel"
https://nexoinmobiliario.pe/proyecto/venta-de-departamento-2573-malecon-acacias-miraflores-lima-lima-aurora-grupo-inmobiliario,Calle Las Acacias N° 230
https://nexoinmobiliario.pe/proyecto/venta-de-departamento-3016-arise-chorrillos-lima-lima-octagon,Av. Malecón Costa Sur esq. con Calle Othon Gastañeta 135
https://nexoinmobiliario.pe/proyecto/venta-de-departamento-3119-hercelles-la-victoria-lima-lima-balance-grupo-inmobiliario,Jirón Oswaldo Hercelles 266
https://nexoinmobiliario.pe/proyecto/venta-de-departamento-3252-lienzo-park-live-pueblo-libre-lima-lima-ms-inmobiliaria,Calle Daniel Hernandez 925-927-931-935
https://nexoinmobiliario.pe/proyecto/venta-de-departamento-1785-pod-departamentos-miraflores-lima-lima-marcan,Av. La Mar 352
https://nexoinmobiliario.pe/proyecto/venta-de-departamento-3256-dolce-mare-chorrillos-lima-lima-la-muralla,"Av. Bajada de Agua Dulce 131, chorrillos"
https://nexoinmobiliario.pe/proyecto/venta-de-departamento-2406-nuevo-nogales-condominio-club-edificio-18-el-agustino-lima-lima-besco,Av. Nogales cdra 2
https://nexoinmobiliario.pe/proyecto/venta-de-departamento-3041-soho-select-miraflores-lima-lima-soho-inmobiliaria,Calle Santa Isabel 194
https://nexoinmobiliario.pe/proyecto/venta-de-departamento-2881-batallon-ayacucho-santiago-de-surco-lima-lima-constructora-framan,av. caminos del inca 1396
https://nexoinmobiliario.pe/proyecto/venta-de-departamento-2439-on-apartments-etapa-2-la-victoria-lima-lima-hpc-inmobiliaria,Av. Paseo de la República N° 1453 - 1459 Esq. Los Topacios
https://nexoinmobiliario.pe/proyecto/venta-de-departamento-3359-insight-san-isidro-lima-lima-conforta-inmobiliaria,Galvez barrenechea 465 san isidro
https://nexoinmobiliario.pe/proyecto/venta-de-departamento-2685-verona-sbs-586-san-borja-lima-lima-binda-y-asociados,Av. San Borja Sur 568
https://nexoinmobiliario.pe/proyecto/venta-de-departamento-1816-central-home-cercado-de-lima-lima-lima-casa-bonita,Av Petit Thouars 951
https://nexoinmobiliario.pe/proyecto/venta-de-departamento-2663-hana-chacarilla-santiago-de-surco-lima-lima-odima-inmobiliaria,Jr. Conde de la vega del Ren 149
https://nexoinmobiliario.pe/proyecto/venta-de-departamento-2651-marbella-lurin-lima-lima-andiamo,Jr Los Jazmines esquina con Jr Las Palmeras
https://nexoinmobiliario.pe/proyecto/venta-de-departamento-3053-minimal-cercado-de-lima-lima-lima-grupo-tyc,Av. Arequipa 1444
https://nexoinmobiliario.pe/proyecto/venta-de-departamento-2300-garden-tower-jesus-maria-lima-lima-palace,Avenida Jose Maria Plaza 425
https://nexoinmobiliario.pe/proyecto/venta-de-departamento-1937-poncianas-piura-piura-piura-edifica,Prolongacion los Tallanes S/N
https://nexoinmobiliario.pe/proyecto/venta-de-departamento-2385-edificio-altaurora-surquillo-lima-lima-la-venturosa,Tomas marsano 1921
https://nexoinmobiliario.pe/proyecto/venta-de-departamento-2213-checor-las-magnolias-cercado-de-lima-lima-lima-checor-inmobiliaria,Av. Petit Thouars 1460
https://nexoinmobiliario.pe/proyecto/venta-de-departamento-2647-alameda-central-condominio-cercado-de-lima-lima-lima-besco,"Av. Oscar R. Benavides 1140 (Ex Av. Colonial), esquina con Jr. Gaspar Hernandez, Cercado de Lima"
https://nexoinmobiliario.pe/proyecto/venta-de-departamento-2596-legado-jesus-maria-lima-lima-invent,"Jesús María, Av San Felipe 785 -787"
https://nexoinmobiliario.pe/proyecto/venta-de-departamento-2442-treehouse-miraflores-lima-lima-lugano,"Av. Ernesto Diez Canseco N° 465, Miraflores"
https://nexoinmobiliario.pe/proyecto/venta-de-departamento-2614-nueva-aurora-3-surquillo-lima-lima-vienna-grupo-inmobiliario,Av. Sergio Bernales 460
https://nexoinmobiliario.pe/proyecto/venta-de-departamento-2311-san-martin284-magdalena-del-mar-lima-lima-rb-arquitectura,Jr San Martin 284
https://nexoinmobiliario.pe/proyecto/venta-de-departamento-2981-pietra-tendenza-san-miguel-lima-lima-rumi-grupo-inmobiliario,Calle Hermanos Catari 127 San Miguel
https://nexoinmobiliario.pe/proyecto/venta-de-departamento-2338-atelier-miraflores-lima-lima-edifica,"Sevilla 169, Miraflores"
https://nexoinmobiliario.pe/proyecto/venta-de-departamento-2668-tradiciones-prime-miraflores-lima-lima-grupo-cygnus,Calle General vargas machuca 246
https://nexoinmobiliario.pe/proyecto/venta-de-departamento-2850-pietra-centrale-cercado-de-lima-lima-lima-rumi-grupo-inmobiliario,Jr. Manuel del Pino 238-240
https://nexoinmobiliario.pe/proyecto/venta-de-departamento-2678-sauco-la-victoria-lima-lima-abril-grupo-inmobiliario,Av. Javier Prado Este 1091
https://nexoinmobiliario.pe/proyecto/venta-de-departamento-3068-centric-surquillo-lima-lima-ghs-constructora%C2%A0,CALLE LOS PAUJILES 181-183
https://nexoinmobiliario.pe/proyecto/venta-de-departamento-2332-filin-santiago-de-surco-lima-lima-danfra-inmobiliaria,Jirón Cerro Negro 299-209
https://nexoinmobiliario.pe/proyecto/venta-de-departamento-3364-los-alamos-de-carmenca-san-miguel-lima-lima-inmobiliaria-josa,Calle Carmenca 130
https://nexoinmobiliario.pe/proyecto/venta-de-departamento-2793-centrika-2-condominio-piura-piura-piura-besco,"Esquina de Jr. Poechos con Jr. La Arena, Piura."
https://nexoinmobiliario.pe/proyecto/venta-de-departamento-3390-residencial-seiss-comas-lima-lima-lider,Calle 18
https://nexoinmobiliario.pe/proyecto/venta-de-departamento-3273-mar-de-grau-chorrillos-lima-lima-2k-inmobiliaria,MALECON GRAU 207
https://nexoinmobiliario.pe/proyecto/venta-de-departamento-1336-villa-campina-chorrillos-lima-lima-inarco,Jr. Juno 184
https://nexoinmobiliario.pe/proyecto/venta-de-departamento-3008-amatista-cercado-de-lima-lima-lima-marte,Av. Brasil 325
https://nexoinmobiliario.pe/proyecto/venta-de-departamento-2708-be-magdalena-del-mar-lima-lima-san-charbel-edificaciones,Av. Brasil 3198 cruce con Jr. Ayacucho
https://nexoinmobiliario.pe/proyecto/venta-de-departamento-3394-vision-prado-san-borja-lima-lima-inmovision,Av. Javier Prado Este 2232
https://nexoinmobiliario.pe/proyecto/venta-de-departamento-2132-amarelo-jesus-maria-lima-lima-abril-grupo-inmobiliario,Av. Brasil 2475
https://nexoinmobiliario.pe/proyecto/venta-de-departamento-2907-alto-lima-park-cercado-de-lima-lima-lima-imagina,Av. Oscar R. Benavides 1106
https://nexoinmobiliario.pe/proyecto/venta-de-departamento-3243-amadeus-san-borja-lima-lima-baumhaus,JR. SCHUBERT FRANZ NRO. 156
https://nexoinmobiliario.pe/proyecto/venta-de-departamento-3210-orquidea-lince-lima-lima-abril-grupo-inmobiliario,"Av. Militar 1727, Lince 15046"
https://nexoinmobiliario.pe/proyecto/venta-de-departamento-2851-pietra-d-avanti-san-miguel-lima-lima-rumi-grupo-inmobiliario,AV. LOS PATRIOTAS 418-424
https://nexoinmobiliario.pe/proyecto/venta-de-departamento-2246-alameda-las-gaviotas-iii-chorrillos-lima-lima-cissac,Av. Las Gaviotas 246
https://nexoinmobiliario.pe/proyecto/venta-de-departamento-2945-aldabas-de-las-gardenias-edificio-residencial-116-santiago-de-surco-lima-lima-grupo-dicon,Calle Aldabas 116 Esquina con Jr Batallón Callao Sur
https://nexoinmobiliario.pe/proyecto/venta-de-departamento-3345-oceanika-san-miguel-lima-lima-san-charbel-edificaciones,Avenida Bertolloto 570. San Miguel
https://nexoinmobiliario.pe/proyecto/venta-de-departamento-2200-malecon-la-paz-miraflores-lima-lima-aurora-grupo-inmobiliario,Av. La Paz 1455
https://nexoinmobiliario.pe/proyecto/venta-de-departamento-2253-invent-tirado-cercado-de-lima-lima-lima-invent,Tirado 629
https://nexoinmobiliario.pe/proyecto/venta-de-departamento-2588-mandra-miraflores-lima-lima-grupo-tyc,Av. del Ejercito 1190
https://nexoinmobiliario.pe/proyecto/venta-de-departamento-2740-olmedo-bre%C3%B1a-lima-lima-proyec-inmobiliaria,Jr. Olmedo 463
https://nexoinmobiliario.pe/proyecto/venta-de-departamento-2047-roosevelt-6000-departamentos-miraflores-lima-lima-marcan,Av. Roosevelt 6000
https://nexoinmobiliario.pe/proyecto/venta-de-departamento-2764-san-felipe-1190-jesus-maria-lima-lima-v&v-grupo-inmobiliario,av. san felipe 1190
https://nexoinmobiliario.pe/proyecto/venta-de-departamento-2930-more-jesus-maria-lima-lima-lima-metro-cuadrado,Av. Gral. Eugenio Garzón 2022
https://nexoinmobiliario.pe/proyecto/venta-de-departamento-1773-vidal-140-miraflores-lima-lima-pionero-inmobiliaria,"General Vidal 140, con Av. Arequipa cuadra 49"
https://nexoinmobiliario.pe/proyecto/venta-de-departamento-2281-nobel-magdalena-del-mar-lima-lima-amma-inmobiliaria,Av. Javier Prado 881
https://nexoinmobiliario.pe/proyecto/venta-de-departamento-2684-la-paz-2173-san-miguel-lima-lima-mc-inversiones-inmobiliarias,Av. La Paz 2173 san Miguel
https://nexoinmobiliario.pe/proyecto/venta-de-departamento-3241-residencial-sukha-surquillo-lima-lima-vienna-grupo-inmobiliario,Av. Tomás Marsano 2293
https://nexoinmobiliario.pe/proyecto/venta-de-departamento-2324-park-living-cercado-de-lima-lima-lima-eureka,Av. Petit Thouars 965
https://nexoinmobiliario.pe/proyecto/venta-de-departamento-3009-checor-los-lirios-lince-lima-lima-checor-inmobiliaria,Av. Petit Thouars 1737
https://nexoinmobiliario.pe/proyecto/venta-de-departamento-3242-new-one-jesus-maria-lima-lima-granadero-inmobiliaria,"Av 6 de agosto 409, Jesús María"
https://nexoinmobiliario.pe/proyecto/venta-de-departamento-2411-terrazas-de-bellavista-bellavista-callao-callao-nadlan,JR. GRAU 459 BELLAVISTA
https://nexoinmobiliario.pe/proyecto/venta-de-departamento-2910-serena-san-miguel-lima-lima-paz,Av. Bertolotto esquina con el Jirón Sucre Nros. 120-130
https://nexoinmobiliario.pe/proyecto/venta-de-departamento-1918-muvin-lince-lima-lima-cosapi,Av. Prolongación Iquitos 1870
https://nexoinmobiliario.pe/proyecto/venta-de-departamento-3325-edificio-sialia-jesus-maria-lima-lima-grupo-cygnus,"Av. 6 de Agosto 1184, Jesús María"
https://nexoinmobiliario.pe/proyecto/venta-de-departamento-2507-flamingo-jesus-maria-lima-lima-grupo-tyc,Av. Brasil 737.
https://nexoinmobiliario.pe/proyecto/venta-de-departamento-2302-marsano-2670-miraflores-lima-lima-tale-inmobiliaria,Av Marsano 2670
https://nexoinmobiliario.pe/proyecto/venta-de-departamento-3294-epik-jesus-maria-lima-lima-ditrenzzo,Av. Garibaldi 217
https://nexoinmobiliario.pe/proyecto/venta-de-departamento-2823-vita-verde-pueblo-libre-lima-lima-beca-inmobiliaria,Calle José Ramón Pizarro 1454
https://nexoinmobiliario.pe/proyecto/venta-de-departamento-2714-like-one-san-miguel-lima-lima-granadero-inmobiliaria,Av. Universitaria 845 San Miguel
https://nexoinmobiliario.pe/proyecto/venta-de-departamento-3339-guisse-1060-jesus-maria-lima-lima-balance-grupo-inmobiliario,Jiron Almte. Jorge Martin Guisse 1060
https://nexoinmobiliario.pe/proyecto/venta-de-departamento-3020-maytacapac1276-jesus-maria-lima-lima-vittoria-inmobiliaria,Jr. Mayta Capac 1276
https://nexoinmobiliario.pe/proyecto/venta-de-departamento-3023-niza-san-borja-lima-lima-ee-inmobiliaria,Av. San Borja Norte. 232
https://nexoinmobiliario.pe/proyecto/venta-de-departamento-3375-escudero-miraflores-lima-lima-elsvan-construcciones-inmobiliarias,"Av. Tomas Marsano 2510, Urb. Los Jazmines, Miraflores"
https://nexoinmobiliario.pe/proyecto/venta-de-departamento-3220-concepto-one-place-miraflores-lima-lima-imagina,Roosevelt 6260
https://nexoinmobiliario.pe/proyecto/venta-de-departamento-2494-proyecto-vanguardia-magdalena-del-mar-lima-lima-fai-inmobiliaria,Av del Ejercito 251 Magdalena
https://nexoinmobiliario.pe/proyecto/venta-de-departamento-3260-parque-el-rosal-santiago-de-surco-lima-lima-ee-inmobiliaria,Jr. Juan Santos Atahualpa 150
https://nexoinmobiliario.pe/proyecto/venta-de-departamento-2292-urban-642-jesus-maria-lima-lima-grupo-sol,av. de la policía 640
https://nexoinmobiliario.pe/proyecto/venta-de-departamento-3205-casa-paraud-miraflores-lima-lima-grupo-caral,Calle San Ignacio de Loyola 150
https://nexoinmobiliario.pe/proyecto/venta-de-departamento-3400-flexi-ii-santiago-de-surco-lima-lima-central-inmobiliaria,Guadalajara 243
https://nexoinmobiliario.pe/proyecto/venta-de-departamento-2216-savia-pueblo-libre-lima-lima-paz,Av. Brasil 1466
https://nexoinmobiliario.pe/proyecto/venta-de-departamento-1835-independencia-chorrillos-lima-lima-capac-asociados,Pedro Solari 228
https://nexoinmobiliario.pe/proyecto/venta-de-departamento-3057-arrieta-271-barranco-lima-lima-libre-inmobiliaria,Carlos Arrieta 271 Barranco
https://nexoinmobiliario.pe/proyecto/venta-de-departamento-3344-calera-ix-surquillo-lima-lima-elsvan-construcciones-inmobiliarias,"Calle Varsovia 176, 186, 190, Urb. Los Sauces."
https://nexoinmobiliario.pe/proyecto/venta-de-departamento-3381-novo-3-cercado-de-lima-lima-lima-my-home,jirón José Gálvez 950
https://nexoinmobiliario.pe/proyecto/venta-de-departamento-3204-bartolome-herrera-266-santiago-de-surco-lima-lima-inmobiliaria-ayd,Jiron bartolome herrera 266
https://nexoinmobiliario.pe/proyecto/venta-de-departamento-2746-montpellier-magdalena-del-mar-lima-lima-inhouse,"Jr. Sanchez Carrion 389, Magdalena"
https://nexoinmobiliario.pe/proyecto/venta-de-departamento-1158-costanera-29-san-miguel-lima-lima-grupo-t&c,Av. Costanera 2996
https://nexoinmobiliario.pe/proyecto/venta-de-departamento-2868-residencial-halcones-iii-surquillo-lima-lima-oled-inmobiliaria,Calle Los Halcones #304
https://nexoinmobiliario.pe/proyecto/venta-de-departamento-3405-serenity-santiago-de-surco-lima-lima-madrid-inmobiliaria,Jr. El Cascajal 206
https://nexoinmobiliario.pe/proyecto/venta-de-departamento-3250-albamar-park-town-miraflores-lima-lima-albamar-grupo-inmobiliario,"Av. Casimiro Ulloa 490, Miraflores"
https://nexoinmobiliario.pe/proyecto/venta-de-departamento-2639-santa-clara-iii-ate-lima-lima-madrid-inmobiliaria,Av. Simón Bolivar 450
https://nexoinmobiliario.pe/proyecto/venta-de-departamento-2786-los-recaudadores-27-ate-lima-lima-in-urban,AV PARACAS 876 URB LOS RECAUDADORES SALAMANCA ATE
https://nexoinmobiliario.pe/proyecto/venta-de-departamento-3248-live-miraflores-lima-lima-brilliare,Jorge Chavez 568
https://nexoinmobiliario.pe/proyecto/venta-de-departamento-2105-midway-magdalena-del-mar-lima-lima-casaideal-inmobiliaria,"Av. Pershing N° 162, Magdalena del Mar"
https://nexoinmobiliario.pe/proyecto/venta-de-departamento-3396-huascar-jesus-maria-lima-lima-ditrenzzo,Jr. Huáscar 2162
https://nexoinmobiliario.pe/proyecto/venta-de-departamento-2785-torre-paino-surquillo-lima-lima-tale-inmobiliaria,"Avenida Aramburú 668, Surquillo"
https://nexoinmobiliario.pe/proyecto/venta-de-departamento-2667-liv-durand-surquillo-lima-lima-greal-inversiones,CALLE FELIPE DURAND 153
https://nexoinmobiliario.pe/proyecto/venta-de-departamento-2824-velvet-pueblo-libre-lima-lima-beca-inmobiliaria,General Ramón Pizarro 430
https://nexoinmobiliario.pe/proyecto/venta-de-departamento-2775-park-prado-la-victoria-lima-lima-gdc-inmobiliaria,Av Javier Prado Este 1035
https://nexoinmobiliario.pe/proyecto/venta-de-departamento-2083-bolognesi-373-miraflores-lima-lima-tale-inmobiliaria,CALLE BOLOGNESI 373
https://nexoinmobiliario.pe/proyecto/venta-de-departamento-2470-edificio-nitoa-4-surquillo-lima-lima-vitain,Av. Andrés Aramburú 962
https://nexoinmobiliario.pe/proyecto/venta-de-departamento-3384-zentro-lince-lima-lima-central-inmobiliaria,JR BARTOLOME HERRERA 250 LINCE
https://nexoinmobiliario.pe/proyecto/venta-de-departamento-3207-edificio-urbanzen-jesus-maria-lima-lima-grupo-cygnus,Jr. Estados Unidos 405 - Jesús María
https://nexoinmobiliario.pe/proyecto/venta-de-departamento-1635-residencial-los-proceres-san-martin-de-porres-lima-lima-cimentares-grupo-inmobiliario,"Av. Tomas Valle C/ Av. Próceres Urbanización Antares Manzana N Lotes 50 y 51, distrito de San Martin de Porres"
https://nexoinmobiliario.pe/proyecto/venta-de-departamento-2617-pardo-669-miraflores-lima-lima-v&v-grupo-inmobiliario,Av. José Pardo 669 Miraflores
https://nexoinmobiliario.pe/proyecto/venta-de-departamento-3354-bristol-santiago-de-surco-lima-lima-ee-inmobiliaria,Jr. Matarani N° 108
https://nexoinmobiliario.pe/proyecto/venta-de-departamento-2506-ocean-avenue-pueblo-libre-lima-lima-servipro,Av. Sucre 425-437
https://nexoinmobiliario.pe/proyecto/venta-de-departamento-2902-pradera-del-rimac-etapa-4-rimac-lima-lima-besco,Av. Morro de Arica 205
https://nexoinmobiliario.pe/proyecto/venta-de-departamento-3224-magna-san-miguel-lima-lima-dkasa,Av. Tacna 650
https://nexoinmobiliario.pe/proyecto/venta-de-departamento-3038-casaparq-cerro-colorado-iii-cerro-colorado-arequipa-arequipa-cissac,Calle A 1 Urb.El Rosario II Condominio Casaparq
https://nexoinmobiliario.pe/proyecto/venta-de-departamento-3392-cross-lince-lima-lima-granadero-inmobiliaria,"Calle Las Lilas 104, Esquina con Av. Prolongación Iquitos 2301."
https://nexoinmobiliario.pe/proyecto/venta-de-departamento-2176-sky-four-lince-lima-lima-flat,Av. Arequipa 2491
https://nexoinmobiliario.pe/proyecto/venta-de-departamento-2858-palmer-bre%C3%B1a-lima-lima-dym-grupo-inmobiliario,jiron Jorge Chavez 1039 - 1045
https://nexoinmobiliario.pe/proyecto/venta-de-departamento-2164-thu-miraflores-lima-lima-cantabria,Calle Enrique Palacios 1133
https://nexoinmobiliario.pe/proyecto/venta-de-departamento-3376-naxos-jesus-maria-lima-lima-ifi-inmobiliaria,Jr Huascar 1787
https://nexoinmobiliario.pe/proyecto/venta-de-departamento-3115-propio-jesus-maria-lima-lima-vivans-inmobiliaria,Jr. Camilo Carrillo 214
https://nexoinmobiliario.pe/proyecto/venta-de-departamento-2353-condominio-home-ii-etapa-cayma-arequipa-arequipa-edifica,Prolongación Los Arces 538 - Cayma
https://nexoinmobiliario.pe/proyecto/venta-de-departamento-2649-brasil-1396-pueblo-libre-lima-lima-icasa-inmobiliaria,Av. Brasil 1396
https://nexoinmobiliario.pe/proyecto/venta-de-departamento-2194-elant-fase-2-la-victoria-lima-lima-grupo-lar,"Av. Canadá 185, La Victoria"
https://nexoinmobiliario.pe/proyecto/venta-de-departamento-2911-residencial-real-etapa-2-la-victoria-lima-lima-paz,"Jr. Francia N° 130, La Victoria"
https://nexoinmobiliario.pe/proyecto/venta-de-departamento-3341-villarreal-337-miraflores-lima-lima-tale-inmobiliaria,FEDERICO VILLARREAL 337
https://nexoinmobiliario.pe/proyecto/venta-de-departamento-3343-edificio-ugarteche-pueblo-libre-lima-lima-quark-grupo-inmobiliario,"Jirón José Gregorio Paredes 2729, Pueblo Libre"
https://nexoinmobiliario.pe/proyecto/venta-de-departamento-1902-esquivel101-san-borja-lima-lima-rb-arquitectura,Esquivel 101
https://nexoinmobiliario.pe/proyecto/venta-de-departamento-2698-hara-etapa-5-la-victoria-lima-lima-grupo-lar,"Calle Fermin tanguis 160, La victoria"
https://nexoinmobiliario.pe/proyecto/venta-de-departamento-3338-empire-san-isidro-lima-lima-redbay-inmobiliaria,Av. Camino Real 295
https://nexoinmobiliario.pe/proyecto/venta-de-departamento-3004-mf-work-living-apartments-miraflores-lima-lima-hl-desarrollos-inmobiliarios,Av. Paseo de la República N° 6334 - 6338
https://nexoinmobiliario.pe/proyecto/venta-de-departamento-3262-las-garzas-edificio-residencial-237-san-isidro-lima-lima-grupo-dicon,Calle las garzas norte 237
https://nexoinmobiliario.pe/proyecto/venta-de-departamento-2304-acacias-del-chipe-piura-piura-piura-edifica,Prolongación los Tallanes S/N
https://nexoinmobiliario.pe/proyecto/venta-de-departamento-2962-eighth-avenue-jesus-maria-lima-lima-beca-inmobiliaria,Calle Estados Unidos 831
https://nexoinmobiliario.pe/proyecto/venta-de-departamento-2816-hype-miraflores-lima-lima-capac-asociados,Esquina La Paz con Cantuarias
https://nexoinmobiliario.pe/proyecto/venta-de-departamento-3063-parque-norte-san-isidro-lima-lima-rosiam,"Av. Del Parque Norte 327, San Isidro"
https://nexoinmobiliario.pe/proyecto/venta-de-departamento-3290-kampu-ate-lima-lima-lider,"Av. NN1 cruce con av. Daniel Alcides Carrión, Santa Clara, Ate"
https://nexoinmobiliario.pe/proyecto/venta-de-departamento-3416-brick-reducto-984-miraflores-lima-lima-binda-y-asociados,Av. Reducto 894
https://nexoinmobiliario.pe/proyecto/venta-de-departamento-2984-cinnco-mambo-etapa-i-comas-lima-lima-lider,Calle 18 S/N
https://nexoinmobiliario.pe/proyecto/venta-de-departamento-2644-c-gonzales-239-san-miguel-lima-lima-v&v-grupo-inmobiliario,C. Carlos Gonzalez 239 San Miguel 15088
https://nexoinmobiliario.pe/proyecto/venta-de-departamento-2161-republica-de-chile-jesus-maria-lima-lima-v&v-grupo-inmobiliario,Av. República de Chile 498 – Jesús María
https://nexoinmobiliario.pe/proyecto/venta-de-departamento-2452-soil-pueblo-libre-pueblo-libre-lima-lima-verdant-inmobiliaria,Av. La Marina 425
https://nexoinmobiliario.pe/proyecto/venta-de-departamento-3403-aliaga-442-magdalena-del-mar-lima-lima-vive-plm,JUAN DE ALIAGA 442
https://nexoinmobiliario.pe/proyecto/venta-de-departamento-2244-astoria-jesus-maria-lima-lima-arteco,Av. República de Chile 699
https://nexoinmobiliario.pe/proyecto/venta-de-departamento-2462-duetto-846-pueblo-libre-lima-lima-cantabria,Av. Alejandro Bertello 846
https://nexoinmobiliario.pe/proyecto/venta-de-departamento-1995-condominio-felizia-chorrillos-lima-lima-la-venturosa,Av. Los Faisanes 327
https://nexoinmobiliario.pe/proyecto/venta-de-departamento-3006-los-parques-de-san-juan-san-juan-de-lurigancho-lima-lima-besco,Av. Portada Del Sol N°870 / 1050
https://nexoinmobiliario.pe/proyecto/venta-de-departamento-2803-edificio-nitoa-5-surquillo-lima-lima-vitain,Calle Las Gaviotas 173
https://nexoinmobiliario.pe/proyecto/venta-de-departamento-3173-sena-san-borja-lima-lima-ee-inmobiliaria,"Av. San Borja Sur 546, San Borja"
https://nexoinmobiliario.pe/proyecto/venta-de-departamento-3103-gran-guardia-peruana-chorrillos-lima-lima-los-portales-departamentos,"Av. Guardia Peruana 851, Chorrillos"
https://nexoinmobiliario.pe/proyecto/venta-de-departamento-2500-gardenia-lince-lima-lima-abril-grupo-inmobiliario,JR BARTOLOME HERRERA 415
https://nexoinmobiliario.pe/proyecto/venta-de-departamento-3179-edificio-ombu-pueblo-libre-lima-lima-optimus-inmobiliaria,Pedro Torres Malarin 522-524
https://nexoinmobiliario.pe/proyecto/venta-de-departamento-1634-residencial-la-estancia-la-molina-lima-lima-cimentares-grupo-inmobiliario,AVENIDA SEPARADORA INDUSTRIAL 2060 LA MOLINA
https://nexoinmobiliario.pe/proyecto/venta-de-departamento-2390-sbs-1155-san-borja-lima-lima-my-home,Av. San Borja Sur 1155
https://nexoinmobiliario.pe/proyecto/venta-de-departamento-2560-nossa-jesus-maria-lima-lima-grupo-tyc,Avenida Brasil 657
https://nexoinmobiliario.pe/proyecto/venta-de-departamento-3274-magnolia-magdalena-del-mar-lima-lima-abril-grupo-inmobiliario,Jr.Flora Tristán 485
https://nexoinmobiliario.pe/proyecto/venta-de-departamento-2953-elysee-pueblo-libre-lima-lima-arteco,Av. Brasil 2260
https://nexoinmobiliario.pe/proyecto/venta-de-departamento-2350-lib-santiago-de-surco-lima-lima-senda,Calle República de Líbano 115
https://nexoinmobiliario.pe/proyecto/venta-de-departamento-1929-edificio-eco-28-miraflores-lima-lima-fundamenta,Av. 28 de Julio 639
https://nexoinmobiliario.pe/proyecto/venta-de-departamento-2874-verona-lince-lima-lima-grupo-inmobiliario-s&m,Jirón León Velarde 930 - 940
https://nexoinmobiliario.pe/proyecto/venta-de-departamento-2348-alto-gaviotas-chorrillos-lima-lima-stella-inmobiliaria,Av las Gaviotas 440 - Chorrillos.
https://nexoinmobiliario.pe/proyecto/venta-de-departamento-2298-versa-pueblo-libre-lima-lima-mw-grupo-inmobiliario,Parque San Martin 329
https://nexoinmobiliario.pe/proyecto/venta-de-departamento-3181-luce-jesus-maria-lima-lima-ditrenzzo,Jirón Huáscar 2170
https://nexoinmobiliario.pe/proyecto/venta-de-departamento-2077-canaval-185-san-isidro-lima-lima-senda,"Av. Canaval y Moreyra 185, San Isidro"
https://nexoinmobiliario.pe/proyecto/venta-de-departamento-2056-invent-juan-de-aliaga-magdalena-del-mar-lima-lima-invent,AV. JUAN DE ALIGA 435
https://nexoinmobiliario.pe/proyecto/venta-de-departamento-2936-litoral-900-miraflores-lima-lima-mirano,"Av. del Ejercito 890, Miraflores."
https://nexoinmobiliario.pe/proyecto/venta-de-departamento-3185-proyecto-granada-pueblo-libre-lima-lima-yoplac-asociados,calle granada 340
https://nexoinmobiliario.pe/proyecto/venta-de-departamento-1317-dos60-san-isidro-lima-lima-inarco,Ca. Los Ficus 260
https://nexoinmobiliario.pe/proyecto/venta-de-departamento-2741-cor-tower-la-victoria-lima-lima-quatro-inmobiliaria,"Avenida José de Rivadeneyra 1093, La Victoria"
https://nexoinmobiliario.pe/proyecto/venta-de-departamento-2310-calle26-san-isidro-lima-lima-rb-arquitectura,Calle26 180
https://nexoinmobiliario.pe/proyecto/venta-de-departamento-2445-bolivar-1209-pueblo-libre-lima-lima-ter-inmobiliaria,Av Bolivar 1209
https://nexoinmobiliario.pe/proyecto/venta-de-departamento-2768-el-rocio-354-santiago-de-surco-lima-lima-ee-inmobiliaria,Jr. El Rocío 354
https://nexoinmobiliario.pe/proyecto/venta-de-departamento-3217-roosevelt-64-miraflores-lima-lima-vidarq,Av. Roosevelt 6429
https://nexoinmobiliario.pe/proyecto/venta-de-departamento-2133-los-robles-del-chipe-piura-piura-piura-edifica,"Av. Los Tallanes S/N, Piura"
https://nexoinmobiliario.pe/proyecto/venta-de-departamento-3065-jade-lince-lima-lima-abril-grupo-inmobiliario,Jr. Mariscal Miller 2557
https://nexoinmobiliario.pe/proyecto/venta-de-departamento-2607-edificio-orizzon-2-magdalena-del-mar-lima-lima-vitain,Jirón Daniel Carrión 110
https://nexoinmobiliario.pe/proyecto/venta-de-departamento-2818-the-sight-barranco-lima-lima-edifica,"Av. El Sol Oeste 455, Barranco"
https://nexoinmobiliario.pe/proyecto/venta-de-departamento-1646-edificio-liri-pueblo-libre-pueblo-libre-lima-lima-grupo-mg,Av Antonio José de Sucre 1301
https://nexoinmobiliario.pe/proyecto/venta-de-departamento-2906-pedro-venturo-662-santiago-de-surco-lima-lima-venti-grupo-inmobiliario,"Pedro Venturo 662, Urbanización Higuereta, Santiago de Surco"
https://nexoinmobiliario.pe/proyecto/venta-de-departamento-3404-bloom-surquillo-lima-lima-mahpsa--corporacion-inmobiliaria,Av. Angamos Este 2600 al 2606
https://nexoinmobiliario.pe/proyecto/venta-de-departamento-2327-inclan-383-miraflores-lima-lima-capac-asociados,Inclan 383
https://nexoinmobiliario.pe/proyecto/venta-de-departamento-2774-faisanes-343-chorrillos-lima-lima-actual,Av. Faisanes 343
https://nexoinmobiliario.pe/proyecto/venta-de-departamento-2747-quarzo-jesus-maria-lima-lima-ciudaris,Av. Cuba 538
https://nexoinmobiliario.pe/proyecto/venta-de-departamento-2438-inspiria-san-miguel-lima-lima-urbalima,Av. Razuri 243 - 247
https://nexoinmobiliario.pe/proyecto/venta-de-departamento-2799-gala-bre%C3%B1a-lima-lima-inversiones-tierra-blanca,Pasaje Mariano Melgar N° 200
https://nexoinmobiliario.pe/proyecto/venta-de-departamento-3177-las-magnolias-casa-club-bre%C3%B1a-lima-lima-las-magnolias-casa-club,Jirón Zorritos 859 - Breña
https://nexoinmobiliario.pe/proyecto/venta-de-departamento-2656-amme-san-isidro-lima-lima-cantabria,"Calle Amador Merino Reyna 346, San Isidro"
https://nexoinmobiliario.pe/proyecto/venta-de-departamento-2779-central-apartments-la-mar-miraflores-lima-lima-paz,Av. Mariscal La Mar 1062
https://nexoinmobiliario.pe/proyecto/venta-de-departamento-2999-lilas-lince-lima-lima-abril-grupo-inmobiliario,Jiron Pezet y Monel 2728
https://nexoinmobiliario.pe/proyecto/venta-de-departamento-1914-nius-magdalena-del-mar-lima-lima-grupo-t&c,"Av. Javier Prado Oeste 140, Magdalena del Mar, Lima, Perú."
https://nexoinmobiliario.pe/proyecto/venta-de-departamento-2214-edificio-vert-cercado-de-lima-lima-lima-vienna-grupo-inmobiliario,Avenida Arequipa 1200
https://nexoinmobiliario.pe/proyecto/venta-de-departamento-2583-top-818-surquillo-lima-lima-inhouse,Av principal 818
https://nexoinmobiliario.pe/proyecto/venta-de-departamento-2344-chiclayo-346-miraflores-lima-lima-jopesa,Calle chiclayo 340-346
https://nexoinmobiliario.pe/proyecto/venta-de-departamento-2121-amancae-miraflores-lima-lima-abril-grupo-inmobiliario,Av. Pardo 1051
https://nexoinmobiliario.pe/proyecto/venta-de-departamento-2642-rosario-in-miraflores-lima-lima-stella-inmobiliaria,calle el rosario 342 -346 urb el rosario
https://nexoinmobiliario.pe/proyecto/venta-de-departamento-2465-mama-ocllo-lince-lima-lima-flat,Jr. Mama Ocllo 1937
https://nexoinmobiliario.pe/proyecto/venta-de-departamento-3428-parque-rosales-miraflores-lima-lima-orizzonte-grupo-inmobiliario,"Calle Paseo Los Rosales N° 153, Miraflores."
https://nexoinmobiliario.pe/proyecto/venta-de-departamento-2811-braganza-santiago-de-surco-lima-lima-ee-inmobiliaria,Cl. Bárbara de Braganza N° 124
https://nexoinmobiliario.pe/proyecto/venta-de-departamento-2418-simon-pueblo-libre-lima-lima-sembra-inmobiliaria,Avenida Simón Bolívar 1451
https://nexoinmobiliario.pe/proyecto/venta-de-departamento-3348-sucre-45-miraflores-lima-lima-vidarq,"Pje. Sucre 138, miraflores"
https://nexoinmobiliario.pe/proyecto/venta-de-departamento-2985-toscanini-san-borja-lima-lima-rb-arquitectura,CALLE TOSCANINI 129
https://nexoinmobiliario.pe/proyecto/venta-de-departamento-2379-edificio-intower-santiago-de-surco-lima-lima-vitain,Jiron Morro Solar 133
https://nexoinmobiliario.pe/proyecto/venta-de-departamento-1846-residencial-movit-pueblo-libre-lima-lima-barqueros-inmobiliaria,Parque Daniel Hernandez Nº 105
https://nexoinmobiliario.pe/proyecto/venta-de-departamento-2405-feliciti-f3-san-martin-de-porres-lima-lima-arquimia,Calle Chillón Trapiche 763
https://nexoinmobiliario.pe/proyecto/venta-de-departamento-2299-stay-jesus-maria-lima-lima-casaideal-inmobiliaria,"Av. San Felipe 537-539, Jesús María"
https://nexoinmobiliario.pe/proyecto/venta-de-departamento-2912-nueva-metropolis-cercado-de-lima-lima-lima-invent,"Av. Alejandro Tirado 344, Santa Beatriz"
https://nexoinmobiliario.pe/proyecto/venta-de-departamento-2424-barranco-urbano-barranco-lima-lima-constructora-inmobiliaria-multidepas,Av Jorge Chavez 451
https://nexoinmobiliario.pe/proyecto/venta-de-departamento-3357-samoa-santiago-de-surco-lima-lima-ee-inmobiliaria,Jr. Batalla de San Juan N° 780
https://nexoinmobiliario.pe/proyecto/venta-de-departamento-3255-clovis-620-pueblo-libre-lima-lima-jopesa,Jr. Clovis 620-622
https://nexoinmobiliario.pe/proyecto/venta-de-departamento-2352-mantra-magdalena-del-mar-lima-lima-capac-asociados,Parque Francisco Graña 323
https://nexoinmobiliario.pe/proyecto/venta-de-departamento-3169-milano-28-de-julio-miraflores-lima-lima-binda-y-asociados,Av 28 de Julio 420
https://nexoinmobiliario.pe/proyecto/venta-de-departamento-3213-pizarro-1399-pueblo-libre-lima-lima-jej-fomenta-inmobiliaria,Jr. Gral Jose Ramon Pizarro 1399 Pueblo Libre
https://nexoinmobiliario.pe/proyecto/venta-de-departamento-2972-ecobrisa-san-miguel-lima-lima-ecohabitat-desarrollo-inmobiliario,Calle Alfonso Ugarte 298
https://nexoinmobiliario.pe/proyecto/venta-de-departamento-2432-kiyomi-santiago-de-surco-lima-lima-andiamo,"Jr Bartolomé Herrera 414, Surco"
https://nexoinmobiliario.pe/proyecto/venta-de-departamento-2887-kaizen-jesus-maria-lima-lima-odima-inmobiliaria,Av. Cayetano Heredia 757 - Jesús María
https://nexoinmobiliario.pe/proyecto/venta-de-departamento-3225-residencial-sienna-pueblo-libre-lima-lima-jk-inversiones-inmobiliarias,Jiron General Clovis 627
https://nexoinmobiliario.pe/proyecto/venta-de-departamento-3305-belalba-pueblo-libre-lima-lima-urbana-per%C3%BA,CALLE LORETO 150 – PUEBLO LIBRE
https://nexoinmobiliario.pe/proyecto/venta-de-departamento-3321-centriqo-club-condominio-ecoamigable-cercado-de-lima-lima-lima-besco,Av. Republica De Venezuela 2505
https://nexoinmobiliario.pe/proyecto/venta-de-departamento-2743-arnaldo-living-jesus-maria-lima-lima-ms-inmobiliaria,Av. Arnaldo Marquez N°1964
https://nexoinmobiliario.pe/proyecto/venta-de-departamento-2249-bravo-pueblo-libre-pueblo-libre-lima-lima-verones-grupo-inmobiliario,Jr. Manuel Belgrano 155
https://nexoinmobiliario.pe/proyecto/venta-de-departamento-3402-nuna-miraflores-lima-lima-llosa-edificaciones-urban,General borgoño 1102
https://nexoinmobiliario.pe/proyecto/venta-de-departamento-3001-urban-tower-3-cercado-de-lima-lima-lima-quatro-inmobiliaria,Avenida Mariano Cornejo 1824
https://nexoinmobiliario.pe/proyecto/venta-de-departamento-1686-invent-barranco-barranco-lima-lima-invent,"AV. Almirante Grau 1310 Barranco, Lima"
https://nexoinmobiliario.pe/proyecto/venta-de-departamento-2998-preminenza-san-isidro-lima-lima-urbana-per%C3%BA,Avenida Javier Prado Oeste 430 - 470
https://nexoinmobiliario.pe/proyecto/venta-de-departamento-2997-casa-barranco-695-barranco-lima-lima-gdc-inmobiliaria,Calle Enrique Barrón 695
https://nexoinmobiliario.pe/proyecto/venta-de-departamento-2476-eco-style-magdalena-del-mar-lima-lima-fundamenta,Av. Javier Prado Oeste 2361
https://nexoinmobiliario.pe/proyecto/venta-de-departamento-2780-dorue-surquillo-lima-lima-desarrolladora,"Av. Domingo Orué 230, Surquillo"
https://nexoinmobiliario.pe/proyecto/venta-de-departamento-2303-ceibos-del-chipe-piura-piura-piura-edifica,Prolongación los Tallanes S/N
https://nexoinmobiliario.pe/proyecto/venta-de-departamento-3237-valle-grande-4-carabayllo-lima-lima-enacorp,Av. San Juan de Dios s/n Paradero Haras - Carabayllo
https://nexoinmobiliario.pe/proyecto/venta-de-departamento-2354-artline-barranco-lima-lima-edifica,"Av. Miguel Grau 1130, Barranco"
https://nexoinmobiliario.pe/proyecto/venta-de-departamento-2229-park-san-miguel-san-miguel-lima-lima-gdc-inmobiliaria,Jr. Gran Mariscal Ramon Castilla 740
https://nexoinmobiliario.pe/proyecto/venta-de-departamento-3240-alba-san-isidro-lima-lima-zafira-inmobiliaria,AV. AUGUSTO PEREZ ARANIBAR 2124
https://nexoinmobiliario.pe/proyecto/venta-de-departamento-2963-eugenio-garzon-jesus-maria-lima-lima-mahpsa--corporacion-inmobiliaria,Av. Gral. Eugenio Garzón 1535
https://nexoinmobiliario.pe/proyecto/venta-de-departamento-3112-luxo-san-isidro-lima-lima-urbana-per%C3%BA,Avenida Manuel Roaud y Paz Soldan 364
https://nexoinmobiliario.pe/proyecto/venta-de-departamento-3313-la-fuente-281-san-isidro-lima-lima-tale-inmobiliaria,"Calle General La Fuente 281, San Isidro"
https://nexoinmobiliario.pe/proyecto/venta-de-departamento-3165-albamar-o2-miraflores-lima-lima-albamar-grupo-inmobiliario,Av. Del Ejercito 1179
https://nexoinmobiliario.pe/proyecto/venta-de-departamento-3285-bolona-256-miraflores-lima-lima-ee-inmobiliaria,Av. Monseñor Roca y Boloña 256
https://nexoinmobiliario.pe/proyecto/venta-de-departamento-2929-batallon-tarma-684-santiago-de-surco-lima-lima-grupo-edifikarte,jiron batallon tarma 684
https://nexoinmobiliario.pe/proyecto/venta-de-departamento-2862-domum-miraflores-lima-lima-tectonica-grupo-inmobiliario,Calle Victor Maldonado Begazo 580 Miraflores
https://nexoinmobiliario.pe/proyecto/venta-de-departamento-3296-albamar-paseo-paz-jesus-maria-lima-lima-albamar-grupo-inmobiliario,"Av Cuba 500, Jesús María"
https://nexoinmobiliario.pe/proyecto/venta-de-departamento-2491-barrio-verde-miraflores-lima-lima-belgica-edificaciones,mendiburu 573
https://nexoinmobiliario.pe/proyecto/venta-de-departamento-1955-nerea-pueblo-libre-lima-lima-grupo-caral,Av. Bolívar Nº 947
https://nexoinmobiliario.pe/proyecto/venta-de-departamento-2508-lumiere-miraflores-lima-lima-grupo-tyc,"Av. Paseo de la República 6349, Urb. San Antonio"
https://nexoinmobiliario.pe/proyecto/venta-de-departamento-2378-balboa-santiago-de-surco-lima-lima-ee-inmobiliaria,"P.º de la Republica 6715, Santiago de Surco"
https://nexoinmobiliario.pe/proyecto/venta-de-departamento-2705-etherna-santiago-de-surco-lima-lima-conforta-inmobiliaria,Pedro Cordova 117 y 129 Surco
https://nexoinmobiliario.pe/proyecto/venta-de-departamento-3221-casa-barranco-195-barranco-lima-lima-gdc-inmobiliaria,Bustamante 195
https://nexoinmobiliario.pe/proyecto/venta-de-departamento-2251-invent-cuba-jesus-maria-lima-lima-invent,Av. Cuba 1142
https://nexoinmobiliario.pe/proyecto/venta-de-departamento-3080-millet-173-san-borja-lima-lima-grupo-ba,Jr. Millet 173
https://nexoinmobiliario.pe/proyecto/venta-de-departamento-2517-catalino-etapa-i-barranco-lima-lima-grupo-tyc,"Jr. Progreso 450, Barranco"
https://nexoinmobiliario.pe/proyecto/venta-de-departamento-2815-tower-27-lince-lima-lima-triada,Petit Thouars 2705
https://nexoinmobiliario.pe/proyecto/venta-de-departamento-2894-patriotas-san-miguel-san-miguel-lima-lima-proyec-inmobiliaria,Av. Los Patriotas 305
https://nexoinmobiliario.pe/proyecto/venta-de-departamento-2509-centrik-miraflores-lima-lima-inmobiliaria-ares,"Scipion Llona 250, Miraflores"
https://nexoinmobiliario.pe/proyecto/venta-de-departamento-2900-catari-371-san-miguel-lima-lima-grupo-brocksa,Hermanos Catarí 371
https://nexoinmobiliario.pe/proyecto/venta-de-departamento-2952-checor-porta-360-miraflores-lima-lima-checor-inmobiliaria,Calle Porta 360
https://nexoinmobiliario.pe/proyecto/venta-de-departamento-3244-garden-482-pueblo-libre-lima-lima-inversiones-tierra-blanca,"Granada 482, Pueblo Libre"
https://nexoinmobiliario.pe/proyecto/venta-de-departamento-2261-vista-marina-356-chorrillos-lima-lima-tale-inmobiliaria,Malecón Costa Sur 356
https://nexoinmobiliario.pe/proyecto/venta-de-departamento-3170-allegra-san-miguel-lima-lima-dkasa,Grau 355
https://nexoinmobiliario.pe/proyecto/venta-de-departamento-3206-parque-cordova-2-miraflores-lima-lima-aurora-grupo-inmobiliario,Av. General Córdova 234
https://nexoinmobiliario.pe/proyecto/venta-de-departamento-2961-park-side-jesus-maria-lima-lima-madrid-inmobiliaria,Jr. Río de Janeiro 400
https://nexoinmobiliario.pe/proyecto/venta-de-departamento-3222-ativa-fase-2-santiago-de-surco-lima-lima-cosapi,"El Derby 160, Surco"
https://nexoinmobiliario.pe/proyecto/venta-de-departamento-2744-alborada-ii-san-miguel-lima-lima-grupo-mg,Av. La Paz 1147
https://nexoinmobiliario.pe/proyecto/venta-de-departamento-2957-luup-san-isidro-lima-lima-cantabria,Av. Javier Prado 457
https://nexoinmobiliario.pe/proyecto/venta-de-departamento-1811-torre-mar-costanera-la-perla-callao-callao-besco,Av. Costanera 2365
https://nexoinmobiliario.pe/proyecto/venta-de-departamento-1079-roma-san-isidro-lima-lima-brazil-grupo-inmobiliario,Calle Roma 485
https://nexoinmobiliario.pe/proyecto/venta-de-departamento-2490-sonhos-miraflores-lima-lima-inarco,"Av. Arequipa 4821, Miraflores"
https://nexoinmobiliario.pe/proyecto/venta-de-departamento-3235-ako-san-miguel-lima-lima-reyna-grupo-inmobiliario,Jr. Arica 859
https://nexoinmobiliario.pe/proyecto/venta-de-departamento-3268-arq-park-santiago-de-surco-lima-lima-ee-inmobiliaria,Jr. Matarani 170
https://nexoinmobiliario.pe/proyecto/venta-de-departamento-2646-balance-santiago-de-surco-lima-lima-madrid-inmobiliaria,Jr. Fortaleza de Paramonga 160
https://nexoinmobiliario.pe/proyecto/venta-de-departamento-2511-miramar-etapa-ii-san-bartolo-lima-lima-octagon,Urbanización Casco Urbano San Bartolo Manzana Z 2 Lote 1
https://nexoinmobiliario.pe/proyecto/venta-de-departamento-2393-lombardia-lince-lima-lima-toratto-grupo-inmobiliario,Jr. Manuel Gómez N° 390
https://nexoinmobiliario.pe/proyecto/venta-de-departamento-3056-edificio-garibaldi-jesus-maria-lima-lima-mundo-verde,Jr. Huáscar 2117
https://nexoinmobiliario.pe/proyecto/venta-de-departamento-1478-look-and-feel-santiago-de-surco-lima-lima-grupo-t&c,"Avenida Encalada 1344, Surco"
https://nexoinmobiliario.pe/proyecto/venta-de-departamento-3350-the-edge-miraflores-lima-lima-edifica,Avenida Jose Larco 1215
https://nexoinmobiliario.pe/proyecto/venta-de-departamento-2097-flow-living-apartments-surquillo-lima-lima-lider,Av. Tomás Marsano 392
https://nexoinmobiliario.pe/proyecto/venta-de-departamento-2136-parque-sur-san-borja-lima-lima-rosiam,Av. Parque Sur 515
https://nexoinmobiliario.pe/proyecto/venta-de-departamento-1529-amari-san-miguel-lima-lima-inarco,Av. La Paz 118
https://nexoinmobiliario.pe/proyecto/venta-de-departamento-3259-the-landmark-pueblo-libre-lima-lima-platinum-group-inmobiliaria,Av. General Vivanco N°1077-1083
https://nexoinmobiliario.pe/proyecto/venta-de-departamento-3029-midgo-lince-lima-lima-cosapi,av arequipa 1890
https://nexoinmobiliario.pe/proyecto/venta-de-departamento-2590-parque-blume-miraflores-lima-lima-aurora-grupo-inmobiliario,Calle Capitán Quiñones N° 189
https://nexoinmobiliario.pe/proyecto/venta-de-departamento-2559-residencial-vernazza-san-miguel-lima-lima-dkasa,Av. Andres Razuri 364 San Miguel
https://nexoinmobiliario.pe/proyecto/venta-de-departamento-2725-distrito-34-etapa-2-surquillo-lima-lima-grupo-lar,Av. República de Panamá 4077
https://nexoinmobiliario.pe/proyecto/venta-de-departamento-2789-hit-san-borja-lima-lima-urbana-per%C3%BA,Av. Javier Prado Este 2901
https://nexoinmobiliario.pe/proyecto/venta-de-departamento-2306-villa-convivium-2-magdalena-del-mar-lima-lima-grupo-caral,Jirón Salaverry 245 cruce con jirón Tacna
https://nexoinmobiliario.pe/proyecto/venta-de-departamento-2964-look-surquillo-surquillo-lima-lima-mahpsa--corporacion-inmobiliaria,Av. Mariscal Cáceres 621
https://nexoinmobiliario.pe/proyecto/venta-de-departamento-3025-centrix-28-miraflores-lima-lima-ee-inmobiliaria,AV. 28 de Julio 1109 con Cl. Francisco del Castillo N° 359 - 365
https://nexoinmobiliario.pe/proyecto/venta-de-departamento-1998-unbox-barranco-lima-lima-casaideal-inmobiliaria,"Avenida San Martin N° 508 - 512, Barranco"
https://nexoinmobiliario.pe/proyecto/venta-de-departamento-2821-mandala-pueblo-libre-lima-lima-beca-inmobiliaria,"Jr. Abraham Valdelomar 522 - 528, Urb. San Bernardo - Pueblo Libre"
https://nexoinmobiliario.pe/proyecto/venta-de-departamento-2351-liberty-one-lince-lima-lima-procity,avenida manuel villavicencio 1045
https://nexoinmobiliario.pe/proyecto/venta-de-departamento-3399-top-life-juan-de-aliaga-magdalena-del-mar-lima-lima-torre-val-desarrollos,Av. Antonio Miroquesada (Ex Juan de Aliaga) 419
https://nexoinmobiliario.pe/proyecto/venta-de-departamento-1709-del-parque-centro-bre%C3%B1a-lima-lima-cissac,Loreto 1608
https://nexoinmobiliario.pe/proyecto/venta-de-departamento-2624-villa-velarde-lince-lima-lima-grupo-caral,Jirón León Velarde 723
https://nexoinmobiliario.pe/proyecto/venta-de-departamento-2827-caitama-los-olivos-lima-lima-andiamo,"Jr. Daniel Alcides Carrión, Mz H' Lt6"
https://nexoinmobiliario.pe/proyecto/venta-de-departamento-1784-emerald-pueblo-libre-pueblo-libre-lima-lima-fai-inmobiliaria,Calle Jose Ugarteche 101 Pueblo Libre
https://nexoinmobiliario.pe/proyecto/venta-de-departamento-2404-garden-360-etapa-4-piura-piura-piura-edifica,"Av. Los Tallanes S/N, Piura"
https://nexoinmobiliario.pe/proyecto/venta-de-departamento-3197-luzzo-family-homes-cerro-colorado-arequipa-arequipa-anden,"JCHV+VCJ, Arequipa 04017"
https://nexoinmobiliario.pe/proyecto/venta-de-departamento-2661-palm-living-san-isidro-lima-lima-grupo-t&c,Calle las Palmeras 291-San Isidro
https://nexoinmobiliario.pe/proyecto/venta-de-departamento-3030-look-feel-etapa-2-santiago-de-surco-lima-lima-grupo-t&c,Calle Aldebaran 178
https://nexoinmobiliario.pe/proyecto/venta-de-departamento-3208-girasol-jesus-maria-lima-lima-abril-grupo-inmobiliario,"Av. Mello Franco 341, Jesús María 15072"
https://nexoinmobiliario.pe/proyecto/venta-de-departamento-3360-horne-137-barranco-lima-lima-calicanto,Calle Enrique del Horne 137
https://nexoinmobiliario.pe/proyecto/venta-de-departamento-2258-s29-magdalena-del-mar-lima-lima-llosa-edificaciones-urban,Av. Salaverry 2900
https://nexoinmobiliario.pe/proyecto/venta-de-departamento-3024-castellana-173-santiago-de-surco-lima-lima-ee-inmobiliaria,Av. La Castellana 173
https://nexoinmobiliario.pe/proyecto/venta-de-departamento-2933-the-lead-san-isidro-lima-lima-edifica,"Av rivera navarrete 665, san isidro"
https://nexoinmobiliario.pe/proyecto/venta-de-departamento-2935-hq7-santiago-de-surco-lima-lima-ee-inmobiliaria,Cl. Hermanos Quintero 190
https://nexoinmobiliario.pe/proyecto/venta-de-departamento-2426-gran-olivo-etapa-1-los-olivos-lima-lima-lider,"Av. Angélica Gamarra 1301, Los Olivos"
https://nexoinmobiliario.pe/proyecto/venta-de-departamento-3352-alameda-rio-grande-pueblo-libre-lima-lima-concreta-grupo-inmobiliario,Rio Grande 321
https://nexoinmobiliario.pe/proyecto/venta-de-departamento-1752-edificio-conecta-lince-lima-lima-grupo-mg,Av. Prolongación Iquitos 2230
https://nexoinmobiliario.pe/proyecto/venta-de-departamento-1296-el-rio-pueblo-libre-lima-lima-gratia-constructora,Avenida del Río 209
https://nexoinmobiliario.pe/proyecto/venta-de-departamento-3223-paseo-jazmines-lince-lima-lima-grupo-sol,Jr. Los Jazmines 516
https://nexoinmobiliario.pe/proyecto/venta-de-departamento-2926-parque-gardenias-santiago-de-surco-lima-lima-ee-inmobiliaria,Jr. Los Alguaciles 252 - 258
https://nexoinmobiliario.pe/proyecto/venta-de-departamento-2951-pardo-coast-miraflores-lima-lima-grupo-t&c,av jose pardo 1010
https://nexoinmobiliario.pe/proyecto/venta-de-departamento-3167-hometown-condominio-san-borja-lima-lima-esparq-inversiones,Durero 490 san borja
https://nexoinmobiliario.pe/proyecto/venta-de-departamento-3298-cool-living-cercado-de-lima-lima-lima-promsal,Manuel del pino 265
https://nexoinmobiliario.pe/proyecto/venta-de-departamento-2192-tree-san-isidro-san-isidro-lima-lima-grupo-t&c,AV JAVIER PRADO ESTE 413
https://nexoinmobiliario.pe/proyecto/venta-de-departamento-3358-central-home-chacarilla-santiago-de-surco-lima-lima-ee-inmobiliaria,Cl. Monterrey 319
https://nexoinmobiliario.pe/proyecto/venta-de-departamento-2653-concepto-style-magdalena-del-mar-lima-lima-imagina,Av. Pershing 820
https://nexoinmobiliario.pe/proyecto/venta-de-departamento-2262-magnolia-pueblo-libre-lima-lima-paz,Avenida Mariano Cornejo 715
https://nexoinmobiliario.pe/proyecto/venta-de-departamento-2802-residencial-parque-marti-san-miguel-lima-lima-concreta-grupo-inmobiliario,"Calle Hernán Cortez 130, San Miguel"
https://nexoinmobiliario.pe/proyecto/venta-de-departamento-1615-valente-2-san-miguel-lima-lima-grupo-caral,Calle Manco Segundo 225
https://nexoinmobiliario.pe/proyecto/venta-de-departamento-2742-residencial-salamanca-de-monterrico-15-ate-lima-lima-eficaxx-grupo-inmobiliario,Calle Canchaque 163
https://nexoinmobiliario.pe/proyecto/venta-de-departamento-3209-tulipan-cercado-de-lima-lima-lima-abril-grupo-inmobiliario,"Av. Petit Thouars 980, Lima 15046"
https://nexoinmobiliario.pe/proyecto/venta-de-departamento-2662-bertolotto-etapa-ii-san-miguel-lima-lima-grupo-tyc,Av. Bertolotto 760
https://nexoinmobiliario.pe/proyecto/venta-de-departamento-2015-ignacio-merino-621-miraflores-lima-lima-inversiones-palomar,"Ignacio Merino 621, Miraflores"
https://nexoinmobiliario.pe/proyecto/venta-de-departamento-2361-paseo-de-la-arboleda-4-santiago-de-surco-lima-lima-v&v-grupo-inmobiliario,jr combate de angamos 542
https://nexoinmobiliario.pe/proyecto/venta-de-departamento-2286-borgono-1135-miraflores-lima-lima-inversiones-palomar,GENERAL BORGOÑO 1135 Miraflores
https://nexoinmobiliario.pe/proyecto/venta-de-departamento-2796-family-apartments-la-victoria-lima-lima-hl-desarrollos-inmobiliarios,Jr. Alberto Barton 270 Esq. Jr. Ricardo Flores
https://nexoinmobiliario.pe/proyecto/venta-de-departamento-2745-salaverry-2431-san-isidro-lima-lima-v&v-grupo-inmobiliario,Av. Salaverry 2431
https://nexoinmobiliario.pe/proyecto/venta-de-departamento-3239-sky-park-san-borja-lima-lima-inhouse,Jirón Paseo del Bosque 832
https://nexoinmobiliario.pe/proyecto/venta-de-departamento-2819-aliaga-750-magdalena-del-mar-lima-lima-v&v-grupo-inmobiliario,juan de aliaga 750
https://nexoinmobiliario.pe/proyecto/venta-de-departamento-2783-galicia-santiago-de-surco-lima-lima-inhouse,C. La Joya 195
https://nexoinmobiliario.pe/proyecto/venta-de-departamento-3251-proyecto-libertad-san-miguel-lima-lima-grupo-inmobiliario-comunidad,Avenida La Libertad 200
https://nexoinmobiliario.pe/proyecto/venta-de-departamento-3327-colon-524-miraflores-lima-lima-constructora-magnifica,Colón 524
https://nexoinmobiliario.pe/proyecto/venta-de-departamento-1776-novara-miraflores-lima-lima-valico,Paseo de la Republica 5745
https://nexoinmobiliario.pe/proyecto/venta-de-departamento-2892-alborada-cercado-de-lima-lima-lima-inversiones-tierra-blanca,Jr. Plutón N° 875 (esquina con Jr. Mercurio)
https://nexoinmobiliario.pe/proyecto/venta-de-departamento-3362-edificio-blend-jesus-maria-lima-lima-lugano,AVENIDA HORACIO URTEAGA 1060
https://nexoinmobiliario.pe/proyecto/venta-de-departamento-3411-las-donas-santiago-de-surco-lima-lima-constructora-atlas,jr doña catalina 351 357
https://nexoinmobiliario.pe/proyecto/venta-de-departamento-3385-albamar-re-cercado-de-lima-lima-lima-albamar-grupo-inmobiliario,"Av. Oscar R. Benavides 1740, Cercado de lima"
https://nexoinmobiliario.pe/proyecto/venta-de-departamento-1852-edificio-hamptons-san-isidro-lima-lima-ee-inmobiliaria,CALLE OLAVIDE 223
https://nexoinmobiliario.pe/proyecto/venta-de-departamento-2704-the-met-miraflores-lima-lima-conforta-inmobiliaria,Calle San Martín 885 Miraflores
https://nexoinmobiliario.pe/proyecto/venta-de-departamento-3067-cosmos-miraflores-lima-lima-llosa-edificaciones-urban,óvalo julio ramon ribeyro
https://nexoinmobiliario.pe/proyecto/venta-de-departamento-1991-esencial-lince-lima-lima-alerces-inmobiliaria,Av César Vallejo 1445
https://nexoinmobiliario.pe/proyecto/venta-de-departamento-2636-san-tadeo-265-santiago-de-surco-lima-lima-cp-building,"San Tadeo 265, la aurora surco"
https://nexoinmobiliario.pe/proyecto/venta-de-departamento-2501-celeste-surquillo-lima-lima-capac-asociados,Orquideas 161
https://nexoinmobiliario.pe/proyecto/venta-de-departamento-2504-varela-living-bre%C3%B1a-lima-lima-grupo-tyc,General Felipe Varela 1960
https://nexoinmobiliario.pe/proyecto/venta-de-departamento-2308-smart-a-cercado-de-lima-lima-lima-grupo-mg,Jr. Enrique Barron 1149
https://nexoinmobiliario.pe/proyecto/venta-de-departamento-3189-prime-lince-lima-lima-jk-inversiones-inmobiliarias,av. cesar vallejo 1515
https://nexoinmobiliario.pe/proyecto/venta-de-departamento-2958-aura-apartments-san-miguel-lima-lima-casa-bonita,Av. Los Patriotas 319
https://nexoinmobiliario.pe/proyecto/venta-de-departamento-3180-mum-363-magdalena-del-mar-lima-lima-tale-inmobiliaria,Av. Javier Prado Oeste 2291
https://nexoinmobiliario.pe/proyecto/venta-de-departamento-2960-lum-san-miguel-lima-lima-calicanto,"Prolongación Jr.Cuzco N°1093-1095, San Miguel"
https://nexoinmobiliario.pe/proyecto/venta-de-departamento-2036-parque-gonzales-prada-2-barranco-lima-lima-ee-inmobiliaria,Parque Gonzales Prada 187
https://nexoinmobiliario.pe/proyecto/venta-de-departamento-2075-hope-la-victoria-lima-lima-urbana-per%C3%BA,A.V Canada 1075
https://nexoinmobiliario.pe/proyecto/venta-de-departamento-3253-camelia-jesus-maria-lima-lima-abril-grupo-inmobiliario,Av. 28 de julio 340
https://nexoinmobiliario.pe/proyecto/venta-de-departamento-2730-emerald-pueblo-libre-2-pueblo-libre-lima-lima-fai-inmobiliaria,Calle Jose Ugarteche 103 Pueblo Libre
https://nexoinmobiliario.pe/proyecto/venta-de-departamento-3037-residencial-salamanca-de-monterrico-17-ate-lima-lima-eficaxx-grupo-inmobiliario,Calle Los Olmos con Los Helechos
https://nexoinmobiliario.pe/proyecto/venta-de-departamento-2495-strada-miraflores-lima-lima-valico,Lord Nelson 130
https://nexoinmobiliario.pe/proyecto/venta-de-departamento-2987-prado-1324-magdalena-del-mar-lima-lima-rb-arquitectura,JR. LEONCIO PRADO 1324
https://nexoinmobiliario.pe/proyecto/venta-de-departamento-2212-garzon-jesus-maria-lima-lima-my-home,Avenida General Eugenio Garzón 550 Jesús María
https://nexoinmobiliario.pe/proyecto/venta-de-departamento-2580-aldana-bella-la-victoria-lima-lima-stella-inmobiliaria,AV LUIS ALDANA 255-257
https://nexoinmobiliario.pe/proyecto/venta-de-departamento-3316-pop-miraflores-lima-lima-ee-inmobiliaria,Calle San Ignacio de Loyola 692
https://nexoinmobiliario.pe/proyecto/venta-de-departamento-3426-eco-style-etapa-2-magdalena-del-mar-lima-lima-fundamenta,Javier Prado Oeste 2361
https://nexoinmobiliario.pe/proyecto/venta-de-departamento-2940-amaranta-pueblo-libre-lima-lima-abril-grupo-inmobiliario,Av Bolivar 959
https://nexoinmobiliario.pe/proyecto/venta-de-departamento-3247-parque-rospigliosi-pueblo-libre-lima-lima-concreta-grupo-inmobiliario,Parque Rospigliosi 140
https://nexoinmobiliario.pe/proyecto/venta-de-departamento-2689-trivento-pueblo-libre-lima-lima-urbalima,Calle Eleazar Blanco 300
https://nexoinmobiliario.pe/proyecto/venta-de-departamento-2314-aquilaria-san-isidro-lima-lima-abril-grupo-inmobiliario,Avenida Salaverry 3580
https://nexoinmobiliario.pe/proyecto/venta-de-departamento-3211-las-praderas-chorrillos-lima-lima-tale-inmobiliaria,"Av. Los Faisanes 485, Chorrillos 15054"
https://nexoinmobiliario.pe/proyecto/venta-de-departamento-3386-zenna-jesus-maria-lima-lima-lugano,Av general santa cruz 550
https://nexoinmobiliario.pe/proyecto/venta-de-departamento-3010-lima-barranco-lima-lima-capac-asociados,Av. San Martín 217
https://nexoinmobiliario.pe/proyecto/venta-de-departamento-2417-piknik-park-miraflores-lima-lima-sembra-inmobiliaria,Avenida Paseo de la republica 5613
https://nexoinmobiliario.pe/proyecto/venta-de-departamento-2131-residencial-el-nogal-lince-lima-lima-el-nogal,Manuel Castañeda 329
https://nexoinmobiliario.pe/proyecto/venta-de-departamento-2788-residencial-brio-jesus-maria-lima-lima-barqueros-inmobiliaria,Tizon y Bueno 765
https://nexoinmobiliario.pe/proyecto/venta-de-departamento-2748-cuattro-mambo-etapa-ii-comas-lima-lima-lider,Calle 18 S/N
https://nexoinmobiliario.pe/proyecto/venta-de-departamento-3258-albamar-oasis-surquillo-lima-lima-albamar-grupo-inmobiliario,"Av. Andres Aramburú 866, Surquillo"
https://nexoinmobiliario.pe/proyecto/venta-de-departamento-1740-hills-camacho-santiago-de-surco-lima-lima-grupo-t&c,Av. javier prado este 294
https://nexoinmobiliario.pe/proyecto/venta-de-departamento-3215-urban-heights-miraflores-lima-lima-edifica,Avenida Paseo De La Republica 6143
https://nexoinmobiliario.pe/proyecto/venta-de-departamento-2861-mixxo-chorrillos-lima-lima-avenir-grupo-inmobiliario,Av. Los Faisanes 204 - Chorrillos
https://nexoinmobiliario.pe/proyecto/venta-de-departamento-1877-casaparq-monterrico-santiago-de-surco-lima-lima-cissac,Cruce de Cristobal de Peralta norte esquina con Jerónimo de Aliaga norte Chacarilla
https://nexoinmobiliario.pe/proyecto/venta-de-departamento-2620-midtown-la-victoria-lima-lima-arteco,"Jirón Luis Sáenz 180, La Victoria 15034"
https://nexoinmobiliario.pe/proyecto/venta-de-departamento-2965-santorini-cercado-de-lima-lima-lima-brazil-grupo-inmobiliario,Av. Alejandro Tirado 731
https://nexoinmobiliario.pe/proyecto/venta-de-departamento-3035-jardines-de-santa-beatriz-etapa-ii-cercado-de-lima-lima-lima-tm-gestion-inmobiliaria,Jose Galvez 1212
https://nexoinmobiliario.pe/proyecto/venta-de-departamento-2369-edificio-magnolia-miraflores-lima-lima-ibher-peru,Av Roca y boloña 290
https://nexoinmobiliario.pe/proyecto/venta-de-departamento-3175-caserta-miraflores-lima-lima-reyna-grupo-inmobiliario,Ca. Miguel Aljovín 194
https://nexoinmobiliario.pe/proyecto/venta-de-departamento-2183-vizuale-2-lince-lima-lima-ortiz-inmobiliaria,"Jr. Pedro Conde 169, Lince"
https://nexoinmobiliario.pe/proyecto/venta-de-departamento-2243-farah-lince-lima-lima-brazil-grupo-inmobiliario,Jiron Luis Pasteur 1225
https://nexoinmobiliario.pe/proyecto/venta-de-departamento-2566-del-parque-centro-ii-bre%C3%B1a-lima-lima-cissac,Jr. Loreto 1608
https://nexoinmobiliario.pe/proyecto/venta-de-departamento-2978-guadalajara-277-santiago-de-surco-lima-lima-cp-building,Guadalajara 277
https://nexoinmobiliario.pe/proyecto/venta-de-departamento-2716-libre-san-miguel-lima-lima-grupo-brocksa,Av. Libertad 2391
https://nexoinmobiliario.pe/proyecto/venta-de-departamento-3017-ascenza-pueblo-libre-lima-lima-fcm-construcciones,Av. Mariano Cornejo 1685
https://nexoinmobiliario.pe/proyecto/venta-de-departamento-2805-florencia-pueblo-libre-lima-lima-paz,Avenida Mariano Cornejo 1455
https://nexoinmobiliario.pe/proyecto/venta-de-departamento-1571-brasil-14-jesus-maria-lima-lima-citia,"Av. Brasil 1459, Jesús María"
https://nexoinmobiliario.pe/proyecto/venta-de-departamento-1693-mar-de-plata-ii-san-miguel-lima-lima-grupo-mg,Avenida Universitaria 838
https://nexoinmobiliario.pe/proyecto/venta-de-departamento-2578-ramon-zavala-ii-miraflores-lima-lima-inmobiliaria-diegal,CALLE RAMON ZAVALA CON JOSE GALVEZ 897
https://nexoinmobiliario.pe/proyecto/venta-de-departamento-3272-residencial-pizarro-pueblo-libre-lima-lima-yoplac-asociados,Jirón General Jose Ramon Pizarro 682 - 686
https://nexoinmobiliario.pe/proyecto/venta-de-departamento-3323-aramburu-living-san-isidro-lima-lima-grupo-t&c,Av. Aramburú 535. San Isidro
https://nexoinmobiliario.pe/proyecto/venta-de-departamento-2316-inizzio-santiago-de-surco-lima-lima-sembra-inmobiliaria,Caminos del Inca 236
https://nexoinmobiliario.pe/proyecto/venta-de-departamento-1988-arequipa-miraflores-lima-lima-actual,Av Arequipa 4405 miraflores
https://nexoinmobiliario.pe/proyecto/venta-de-departamento-2199-livorno-lince-lima-lima-toratto-grupo-inmobiliario,Av. Trinidad Moran 331
https://nexoinmobiliario.pe/proyecto/venta-de-departamento-2722-mariscal-castilla-santiago-de-surco-lima-lima-tale-inmobiliaria,"Av. Mariscal Castilla 334 – 338, Surco"
https://nexoinmobiliario.pe/proyecto/venta-de-departamento-3334-residencial-green-life-chorrillos-lima-lima-verones-grupo-inmobiliario,Los Gorriones 490
https://nexoinmobiliario.pe/proyecto/venta-de-departamento-2072-la-mar-1055-miraflores-lima-lima-tale-inmobiliaria,AV LA MAR 1055 MIRAFLORES
https://nexoinmobiliario.pe/proyecto/venta-de-departamento-2621-basadre-1310-san-isidro-lima-lima-fundamenta,Av. Jorge Basadre 1310 San Isidro
https://nexoinmobiliario.pe/proyecto/venta-de-departamento-1950-el-alcazar-santiago-de-surco-lima-lima-ee-inmobiliaria,Calle El Alcázar Nº 253-255 Urbanización La Castellana
https://nexoinmobiliario.pe/proyecto/venta-de-departamento-2587-bertolotto-etapa-iii-san-miguel-lima-lima-grupo-tyc,Av. Bertolotto 760
https://nexoinmobiliario.pe/proyecto/venta-de-departamento-2307-benavides-1130-miraflores-lima-lima-v&v-grupo-inmobiliario,AV. BENAVIDES 1130
https://nexoinmobiliario.pe/proyecto/venta-de-departamento-2064-toscana-lince-lima-lima-toratto-grupo-inmobiliario,Jr. Alayza y Roel N° 2616
https://nexoinmobiliario.pe/proyecto/venta-de-departamento-3374-buena-vista-211-san-borja-lima-lima-crearte-inmobiliaria,Av. Buena Vista 211
https://nexoinmobiliario.pe/proyecto/venta-de-departamento-2241-morar-surquillo-lima-lima-ter-inmobiliaria,Av. Tomas Marsano 2273
https://nexoinmobiliario.pe/proyecto/venta-de-departamento-3190-lomas-de-carabayllo-etapa-4-carabayllo-lima-lima-padova,"calle 3, carabayllo"
https://nexoinmobiliario.pe/proyecto/venta-de-departamento-2396-malaga-101-santiago-de-surco-lima-lima-fcm-construcciones,Jirón Málaga 101
https://nexoinmobiliario.pe/proyecto/venta-de-departamento-2979-excluzzivo-88-jesus-maria-lima-lima-infinity-group,Calle Estados Unidos 888
https://nexoinmobiliario.pe/proyecto/venta-de-departamento-2877-torre-tale-primavera-etapa-i-san-borja-lima-lima-tale-inmobiliaria,"Av. San Luis esquina Av. Angamos Este, esquina Av. Géminis, esquina Jr. Pablo Usandizaga"
https://nexoinmobiliario.pe/proyecto/venta-de-departamento-3245-gran-olivo-etapa-2-los-olivos-lima-lima-lider,Avenida Angelica Gamara 1301
https://nexoinmobiliario.pe/proyecto/venta-de-departamento-3036-piana-pueblo-libre-lima-lima-andiamo,AV. SIMON BOLIVAR 105 PUEBLO LIBRE
https://nexoinmobiliario.pe/proyecto/venta-de-departamento-2817-kora-san-miguel-lima-lima-dkasa,Jirón Pascual de Andagoya 393
https://nexoinmobiliario.pe/proyecto/venta-de-departamento-3337-vanderghen-400-miraflores-lima-lima-aurora-grupo-inmobiliario,Av. Jorge Vanderghen 406
https://nexoinmobiliario.pe/proyecto/venta-de-departamento-2941-conde-de-la-vega-251-santiago-de-surco-lima-lima-grupo-edifikarte,conde de la vega 251
https://nexoinmobiliario.pe/proyecto/venta-de-departamento-2242-vielha-magdalena-del-mar-lima-lima-brazil-grupo-inmobiliario,Calle Rey Basadre 299
https://nexoinmobiliario.pe/proyecto/venta-de-departamento-3045-residencial-casanova-lince-lima-lima-palace,"Jirón Domingo Casanova 568, Lima 15046"
https://nexoinmobiliario.pe/proyecto/venta-de-departamento-1290-pacifik-ocean-tower-san-miguel-lima-lima-labok-grupo-inmobiliario,Av. Bertolotto 850
https://nexoinmobiliario.pe/proyecto/venta-de-departamento-2920-abstract-miraflores-lima-lima-urbana-per%C3%BA,Casimiro ulloa 328
https://nexoinmobiliario.pe/proyecto/venta-de-departamento-2166-gala-lince-lima-lima-mw-grupo-inmobiliario,Jr. Brigadier Pumacahua 2732
https://nexoinmobiliario.pe/proyecto/venta-de-departamento-2570-henko-miraflores-lima-lima-inarco,"Ca. Grimaldo Del Solar 701, esquina Ca. Manco Capac"
https://nexoinmobiliario.pe/proyecto/venta-de-departamento-2037-pueblo-libre-pueblo-libre-lima-lima-ee-inmobiliaria,Av. La Marina 449
https://nexoinmobiliario.pe/proyecto/venta-de-departamento-2749-gran-plaza-loreto-bre%C3%B1a-lima-lima-los-portales-departamentos,Jirón Loreto 1590
https://nexoinmobiliario.pe/proyecto/venta-de-departamento-3342-alborada-iii-san-miguel-lima-lima-grupo-mg,Av. La paz 839
https://nexoinmobiliario.pe/proyecto/venta-de-departamento-2065-pinos-san-isidro-lima-lima-actual,Calle Los Pinos 561
https://nexoinmobiliario.pe/proyecto/venta-de-departamento-2294-santa-isabel-169-miraflores-lima-lima-labok-grupo-inmobiliario,Santa Isabel 169
https://nexoinmobiliario.pe/proyecto/venta-de-departamento-2770-albamar-in-2-independencia-lima-lima-albamar-grupo-inmobiliario,Av Gerardo Unger 3601
https://nexoinmobiliario.pe/proyecto/venta-de-departamento-2475-casaparq-monterrico-ii-santiago-de-surco-lima-lima-cissac,Cruce de Cristobal de Peralta norte esquina con Jerónimo de Aliaga norte Chacarilla
https://nexoinmobiliario.pe/proyecto/venta-de-departamento-3279-proyecto-roma-surquillo-lima-lima-inmobiliaria-canasan,Calle descartes 165
https://nexoinmobiliario.pe/proyecto/venta-de-departamento-2256-edificio-portofino-miraflores-lima-lima-c-&-v-grupo-inmobiliario,"Av. Santa Cruz 1550, Miraflores"
https://nexoinmobiliario.pe/proyecto/venta-de-departamento-2674-aguirre-166-miraflores-lima-lima-mc-inversiones-inmobiliarias,Calle Elías Aguirre 166
https://nexoinmobiliario.pe/proyecto/venta-de-departamento-2763-belisario-967-lince-lima-lima-grupo-sol,Jiron Belisario flores 967 - 973
https://nexoinmobiliario.pe/proyecto/venta-de-departamento-2641-checor-las-dalias-cercado-de-lima-lima-lima-checor-inmobiliaria,Jr. Enrique Barrón 1366 - Santa Beatriz
https://nexoinmobiliario.pe/proyecto/venta-de-departamento-2331-print-chorrillos-lima-lima-casaideal-inmobiliaria,"Calle Ontario 200, La Campiña, Chorrillos"
https://nexoinmobiliario.pe/proyecto/venta-de-departamento-3363-slim-lince-lima-lima-grupo-tyc,"Av. Arequipa 1587, Lince"
https://nexoinmobiliario.pe/proyecto/venta-de-departamento-2232-mar-adriatico-san-miguel-lima-lima-procity,Calle Intisuyo 317 San Miguel
https://nexoinmobiliario.pe/proyecto/venta-de-departamento-3378-altavista-aranibar-san-isidro-lima-lima-tale-inmobiliaria,"Av. Augusto Perez Aranibar 1560, San Isidro"
https://nexoinmobiliario.pe/proyecto/venta-de-departamento-3051-upper-28-miraflores-lima-lima-edifica,Av. 28 de julio 551
https://nexoinmobiliario.pe/proyecto/venta-de-departamento-3314-residencial-arboleda-san-miguel-lima-lima-multiurbe,Jirón Solitario de Sayan 789
https://nexoinmobiliario.pe/proyecto/venta-de-departamento-3300-bolona-1250-miraflores-lima-lima-ee-inmobiliaria,Av. Roca y Boloña 1250
https://nexoinmobiliario.pe/proyecto/venta-de-departamento-2830-entrenos-magdalena-del-mar-lima-lima-promsal,jr tacna 655
https://nexoinmobiliario.pe/proyecto/venta-de-departamento-3216-republica-miraflores-lima-lima-capac-asociados,mariano melgar 441
https://nexoinmobiliario.pe/proyecto/venta-de-departamento-2947-los-gorriones-5-chorrillos-lima-lima-grupo-toscana,Los gorriones 229
https://nexoinmobiliario.pe/proyecto/venta-de-departamento-2719-zoe-urban-apartments-etapa-2-barranco-lima-lima-hpc-inmobiliaria,Av. El Sol Este 555
https://nexoinmobiliario.pe/proyecto/venta-de-departamento-1415-edificio-vista-brasil-magdalena-del-mar-lima-lima-grupo-mg,Av. Brasil 3784
https://nexoinmobiliario.pe/proyecto/venta-de-departamento-3236-wow-santiago-de-surco-lima-lima-arquimia,"Jr. Nicolás Rodrigo 250, Monterrico"
https://nexoinmobiliario.pe/proyecto/venta-de-departamento-2693-santa-isabel-147-miraflores-lima-lima-labok-grupo-inmobiliario,Santa Isabel 147
https://nexoinmobiliario.pe/proyecto/venta-de-departamento-2996-albamar-arenales-cercado-de-lima-lima-lima-albamar-grupo-inmobiliario,Av. Arenales 1093
https://nexoinmobiliario.pe/proyecto/venta-de-departamento-1977-maddy-magdalena-del-mar-lima-lima-icasa-inmobiliaria,Jr. Tacna 1056
https://nexoinmobiliario.pe/proyecto/venta-de-departamento-2671-sq-work-living-apartments-surquillo-lima-lima-hl-desarrollos-inmobiliarios,Av. Paseo de la República 4117
https://nexoinmobiliario.pe/proyecto/venta-de-departamento-1695-audacity-la-victoria-lima-lima-senda,Javier Prado Este No. 1501
https://nexoinmobiliario.pe/proyecto/venta-de-departamento-2670-pietra-di-prado-la-victoria-lima-lima-rumi-grupo-inmobiliario,Av. Javier Prado Este 1095
https://nexoinmobiliario.pe/proyecto/venta-de-departamento-3310-miramar-etapa-iii-san-bartolo-lima-lima-octagon,Urbanización Casco Urbano San Bartolo Manzana Z 2 Lote 1
https://nexoinmobiliario.pe/proyecto/venta-de-departamento-2658-albamar-view411-jesus-maria-lima-lima-albamar-grupo-inmobiliario,"AV. FAUSTINO SANCHEZ CARRIÓN 411, JESÚS MARÍA"
https://nexoinmobiliario.pe/proyecto/venta-de-departamento-2756-benavides-30-miraflores-lima-lima-citia,Av. Benavides 3066
https://nexoinmobiliario.pe/proyecto/venta-de-departamento-2657-urban-miraflores-miraflores-lima-lima-capac-asociados,"General Iglesias 151, Miraflores"
https://nexoinmobiliario.pe/proyecto/venta-de-departamento-3077-robles-220-san-isidro-lima-lima-qolono-inmobiliaria,ROBLES 220
https://nexoinmobiliario.pe/proyecto/venta-de-departamento-2046-madero-san-miguel-lima-lima-ciudaris,AV. PATRIOTAS 171
https://nexoinmobiliario.pe/proyecto/venta-de-departamento-3295-la-joya-132-santiago-de-surco-lima-lima-grupo-chacarilla-sur,"Calle La Joya 132, Surco"
https://nexoinmobiliario.pe/proyecto/venta-de-departamento-3331-high-life-surquillo-lima-lima-madrid-inmobiliaria,Av. Tomás Marsano 2353
https://nexoinmobiliario.pe/proyecto/venta-de-departamento-2264-all-san-isidro-san-isidro-lima-lima-senda,Av. Javier Prado Este 595
https://nexoinmobiliario.pe/proyecto/venta-de-departamento-1904-casaparq-cerro-colorado-ii-cerro-colorado-arequipa-arequipa-cissac,Calle A 1 Urb.El Rosario II Condominio Casaparq
https://nexoinmobiliario.pe/proyecto/venta-de-departamento-1970-edificio-viverdi-miraflores-lima-lima-la-venturosa,"Calle José Domingo Choquehuanca 487, Miraflores"
https://nexoinmobiliario.pe/proyecto/venta-de-departamento-1078-veranda-lince-lima-lima-brazil-grupo-inmobiliario,JR. JOAQUIN BERNAL 1028
https://nexoinmobiliario.pe/proyecto/venta-de-departamento-3293-proximo-la-molina-lima-lima-vivans-inmobiliaria,"Calle Antibes 125, cruce con Los Jilgueros, La Molina."
https://nexoinmobiliario.pe/proyecto/venta-de-departamento-2622-park-living-pueblo-libre-lima-lima-ms-inmobiliaria,"Parque El Carmen N°1552-1554, Pueblo Libre"
https://nexoinmobiliario.pe/proyecto/venta-de-departamento-3346-kauri-pueblo-libre-lima-lima-abril-grupo-inmobiliario,Av Manuel Cipriano Dulanto 1351
https://nexoinmobiliario.pe/proyecto/venta-de-departamento-2430-patria-barranco-lima-lima-invent,CARLOS ARRIETA 380
https://nexoinmobiliario.pe/proyecto/venta-de-departamento-2391-florece-chorrillos-lima-lima-la-muralla,"Av. Los Faisanes 222-226, Chorrillos"
https://nexoinmobiliario.pe/proyecto/venta-de-departamento-3034-concepto-family-too-san-miguel-lima-lima-imagina,"Calle Carlos Gonzales, Esq. Con Jr. Cesar Lopez Rojas"
https://nexoinmobiliario.pe/proyecto/venta-de-departamento-2626-arandanos-aramburu-surquillo-lima-lima-abril-grupo-inmobiliario,Av. Aramburú 1160
https://nexoinmobiliario.pe/proyecto/venta-de-departamento-2841-botanika-jesus-maria-lima-lima-san-charbel-edificaciones,Av. Garzón 2160
https://nexoinmobiliario.pe/proyecto/venta-de-departamento-2773-tomasal-1074-santiago-de-surco-lima-lima-xyz-inmobiliaria,jirón Tomasal 1074 - Santiago de Surco
https://nexoinmobiliario.pe/proyecto/venta-de-departamento-2334-vallejo-living-lince-lima-lima-grupo-t&c,Av. Cesar Vallejo 320
https://nexoinmobiliario.pe/proyecto/venta-de-departamento-3312-dumont-jesus-maria-lima-lima-arteco,Av. República de Chile 675
https://nexoinmobiliario.pe/proyecto/venta-de-departamento-2313-mate-surquillo-lima-lima-real-inmobiliaria,Av. Principal 497
https://nexoinmobiliario.pe/proyecto/venta-de-departamento-2989-the-park-cercado-de-lima-lima-lima-inversiones-tierra-blanca,Santa Mariana de Paredes 494
https://nexoinmobiliario.pe/proyecto/venta-de-departamento-3233-arbora-magdalena-del-mar-lima-lima-lugano,AV BRASIL 3502-3520
https://nexoinmobiliario.pe/proyecto/venta-de-departamento-1418-allegro-loft-san-miguel-lima-lima-urbana-per%C3%BA,Av. Costanera 980
https://nexoinmobiliario.pe/proyecto/venta-de-departamento-1976-simplicity-santiago-de-surco-lima-lima-akamai,manuel olguin 485
https://nexoinmobiliario.pe/proyecto/venta-de-departamento-3330-beside-santiago-de-surco-lima-lima-redbay-inmobiliaria,"Av. El Polo 828, Santiago de Surco"
https://nexoinmobiliario.pe/proyecto/venta-de-departamento-2415-le-rosier-miraflores-lima-lima-abril-grupo-inmobiliario,Av. Roosevelt 5877 miraflores
https://nexoinmobiliario.pe/proyecto/venta-de-departamento-2635-art-28-miraflores-lima-lima-edifica,Av. 28 Julio 815 Miraflores
https://nexoinmobiliario.pe/proyecto/venta-de-departamento-2382-lasso-467-san-luis-lima-lima-promsal,av. agustin de la rosa toro 467
https://nexoinmobiliario.pe/proyecto/venta-de-departamento-2384-green-view-la-victoria-lima-lima-grupo-sol,Jr. Luis espejo 1053
https://nexoinmobiliario.pe/proyecto/venta-de-departamento-1993-s14-apartments-cercado-de-lima-lima-lima-urbana-per%C3%BA,Avenida Arequipa N°1437
