Link,Direcci√≥n
https://urbania.pe/inmueble/proyecto/ememefin-proyecto-villa-magnolia-san-miguel-san-miguel-caliza-inmobiliaria-sac-90232091,"San Miguel, San Miguel"
https://urbania.pe/inmueble/proyecto/ememhvin-proyecto-mum-363-lima-magdalena-tale-inmobiliaria-142452411,"Magdalena, Lima"
https://urbania.pe/inmueble/proyecto/ememvein-proyecto-amaranta-lima-pueblo-libre-abril-grupo-inmobiliario-66908976,"Pueblo Libre, Lima"
https://urbania.pe/inmueble/proyecto/ememhvin-proyecto-torre-tale-primavera-lima-san-borja-tale-inmobiliaria-4533401,"San Borja, Lima"
https://urbania.pe/inmueble/proyecto/ememvein-proyecto-aramburu-living-san-isidro-limatambo-grupo-tyc-143188173,"Limatambo, San Isidro"
https://urbania.pe/inmueble/proyecto/ememvein-proyecto-schell-lima-miraflores-inversiones-volterra-61210702,"Miraflores, Lima"
https://urbania.pe/inmueble/proyecto/ememefin-proyecto-salaverry-571-lima-jesus-maria-desarrolladora-del-pacifico-4000088,"Jesus Maria, Lima"
https://urbania.pe/inmueble/proyecto/ememhvin-proyecto-preventa-edificio-las-moras-la-castellana-surco-santiago-de-surco-la-castellana-vartel-constructora-inmobiliaria-143719713,"La Castellana, Santiago de Surco"
https://urbania.pe/inmueble/proyecto/ememvein-proyecto-lanzamiento:-green-living-miraflores:-desde-us$1-772-m-sup2--1-2-y-3-dorm-miraflores-leuro-thunderbird-hoteles-las-americas-60363750,"Leuro, Miraflores"
https://urbania.pe/inmueble/proyecto/ememvein-proyecto-nueva-aurora-3-surquillo-barrio-medico-vienna-constructores-4388456,"Barrio Medico, Surquillo"
https://urbania.pe/inmueble/proyecto/ememvein-proyecto-privia-jesus-maria-santa-beatriz-vienna-constructores-4388466,"Santa Beatriz, Jesus Maria"
https://urbania.pe/inmueble/clasificado/veclapin-venta-de-departamento-en-san-isidro-lima-3-dormitorios-90883967,"San Isidro, Lima"
https://urbania.pe/inmueble/clasificado/veclapin-venta-de-departamento-en-san-borja-lima-3-dormitorios-143760725,"San Borja, Lima"
https://urbania.pe/inmueble/clasificado/veclapin-venta-de-departamento-en-barranco-lima-1-dormitorio-143078251,"Barranco, Lima"
https://urbania.pe/inmueble/clasificado/veclapin-venta-de-departamento-en-magdalena-lima-2-dormitorios-144369740,"Magdalena, Lima"
https://urbania.pe/inmueble/clasificado/veclapin-venta-de-departamento-en-aurora-miraflores-3-dormitorios-144222966,"Aurora, Miraflores"
https://urbania.pe/inmueble/clasificado/veclapin-venta-de-departamento-en-miraflores-lima-3-dormitorios-67049741,"Miraflores, Lima"
https://urbania.pe/inmueble/clasificado/veclapin-venta-de-departamento-en-san-isidro-lima-4-dormitorios-143646259,"San Isidro, Lima"
https://urbania.pe/inmueble/clasificado/veclapin-venta-de-departamento-en-chacarilla-del-estanque-santiago-de-surco-3-dormitorios-144146081,"Chacarilla Del Estanque, Santiago de Surco"
https://urbania.pe/inmueble/clasificado/veclapin-venta-de-departamento-en-miraflores-lima-1-dormitorio-143482016,"Miraflores, Lima"
https://urbania.pe/inmueble/clasificado/veclapin-venta-de-departamento-en-miraflores-lima-5-a-mas-dormitorios-143229022,"Miraflores, Lima"
https://urbania.pe/inmueble/clasificado/veclapin-venta-de-departamento-en-aurora-miraflores-2-dormitorios-144206337,"Aurora, Miraflores"
https://urbania.pe/inmueble/clasificado/veclapin-venta-de-departamento-en-surquillo-lima-2-dormitorios-141796358,"Surquillo, Lima"
https://urbania.pe/inmueble/clasificado/veclapin-venta-de-departamento-en-san-isidro-lima-3-dormitorios-142421771,"San Isidro, Lima"
https://urbania.pe/inmueble/clasificado/veclapin-venta-de-departamento-en-corpac-san-isidro-4-dormitorios-141652388,"Corpac, San Isidro"
https://urbania.pe/inmueble/clasificado/veclapin-venta-de-departamento-en-los-rosales-santiago-de-surco-3-dormitorios-66412771,"Los Rosales, Santiago de Surco"
https://urbania.pe/inmueble/proyecto/ememefin-proyecto-dorue-lima-surquillo-desarrolladora-del-pacifico-4506289,"Surquillo, Lima"
https://urbania.pe/inmueble/proyecto/ememhvin-proyecto-marsano-2670-miraflores-alexander-von-humboldt-tale-inmobiliaria-4017783,"Alexander Von Humboldt, Miraflores"
https://urbania.pe/inmueble/proyecto/ememefin-proyecto-valenti-lima-pueblo-libre-barqueros-grupo-constructor-66155929,"Pueblo Libre, Lima"
https://urbania.pe/inmueble/proyecto/ememvein-proyecto-distrito-34-lima-surquillo-grupo-lar-143420488,"Surquillo, Lima"
https://urbania.pe/inmueble/proyecto/ememvein-proyecto-preminenza-lima-san-isidro-urbana-peru-91157210,"San Isidro, Lima"
https://urbania.pe/inmueble/proyecto/ememvein-proyecto-eco-style-lima-magdalena-eco-style-144011292,"Magdalena, Lima"
https://urbania.pe/inmueble/proyecto/ememefin-proyecto-aster-reducto-lima-miraflores-aster-homes-143405508,"Miraflores, Lima"
https://urbania.pe/inmueble/proyecto/ememefin-proyecto-acacias-263-miraflores-malecon-armendariz-grupo-gobesa-143588861,"Malecon Armendariz, Miraflores"
https://urbania.pe/inmueble/proyecto/ememvein-proyecto-lanzamiento-look-and-feel-2-lima-santiago-de-surco-grupo-tyc-90732278,"Santiago de Surco, Lima"
https://urbania.pe/inmueble/proyecto/ememvein-proyecto-edificio-orizzon-2-vive-conectado-a-todo-en-magdalena-pronta-entrega-magdalena-oyague-vita-in-inmobiliaria-64415011,"Oyague, Magdalena"
https://urbania.pe/inmueble/proyecto/ememvein-proyecto-founder-lima-miraflores-alerces-inmobiliaria-66229066,"Miraflores, Lima"
https://urbania.pe/inmueble/proyecto/ememhvin-proyecto-la-fuente-281-lima-san-isidro-tale-inmobiliaria-143966517,"San Isidro, Lima"
https://urbania.pe/inmueble/proyecto/ememvein-proyecto-kauri-lima-pueblo-libre-abril-grupo-inmobiliario-143736442,"Pueblo Libre, Lima"
https://urbania.pe/inmueble/proyecto/ememefin-proyecto-san-felipe-towers-torre-platinum-lima-jesus-maria-plm-inversiones-inmobiliarias-143502794,"Jesus Maria, Lima"
https://urbania.pe/inmueble/proyecto/ememhvin-proyecto-pardo-1453-lima-miraflores-frontera-inmobiliaria-143536380,"Miraflores, Lima"
https://urbania.pe/inmueble/clasificado/veclapin-venta-de-departamento-en-surquillo-lima-3-dormitorios-144125739,"Surquillo, Lima"
https://urbania.pe/inmueble/clasificado/veclapin-venta-de-departamento-en-chacarilla-del-estanque-santiago-de-surco-4-dormitorios-143639625,"Chacarilla Del Estanque, Santiago de Surco"
https://urbania.pe/inmueble/clasificado/veclapin-venta-de-departamento-en-miraflores-lima-3-dormitorios-144356436,"Miraflores, Lima"
https://urbania.pe/inmueble/clasificado/veclapin-venta-de-departamento-en-barranco-lima-144162865,"Barranco, Lima"
https://urbania.pe/inmueble/clasificado/veclapin-venta-de-departamento-en-san-isidro-lima-4-dormitorios-4124946,"San Isidro, Lima"
https://urbania.pe/inmueble/clasificado/veclapin-venta-de-departamento-en-jesus-maria-lima-3-dormitorios-143881327,"Jesus Maria, Lima"
https://urbania.pe/inmueble/clasificado/veclapin-venta-de-departamento-en-san-antonio-miraflores-2-dormitorios-142852137,"San Antonio, Miraflores"
https://urbania.pe/inmueble/clasificado/veclapin-venta-de-departamento-en-miraflores-lima-2-dormitorios-144067548,"Miraflores, Lima"
https://urbania.pe/inmueble/clasificado/veclapin-venta-de-departamento-en-miraflores-lima-1-dormitorio-143819657,"Miraflores, Lima"
https://urbania.pe/inmueble/clasificado/veclapin-venta-de-departamento-en-lince-lima-1-dormitorio-141578512,"Lince, Lima"
https://urbania.pe/inmueble/clasificado/veclapin-venta-de-departamento-en-barranco-lima-144272355,"Barranco, Lima"
https://urbania.pe/inmueble/clasificado/veclapin-venta-de-departamento-en-magdalena-lima-2-dormitorios-143894369,"Magdalena, Lima"
